date, pm25, pm10, o3, no2, so2, co
2021/12/1, 37, 20, 7, 34, 4, 5
2021/12/2, 52, 16, 16, 27, 4, 4
2021/12/3, 33, 18, 19, 31, 4, 5
2021/12/4, 40, , , , , 
2021/11/1, 63, 31, 21, 33, 4, 6
2021/11/2, 78, 35, 19, 38, 4, 6
2021/11/3, 81, 47, 13, 43, 4, 7
2021/11/4, 99, 49, 15, 45, 8, 8
2021/11/5, 99, 47, 20, 45, 8, 7
2021/11/6, 95, 30, 20, 36, 6, 6
2021/11/7, 67, 9, 15, 26, 4, 3
2021/11/8, 19, 8, 15, 24, 3, 3
2021/11/9, 21, 10, 14, 20, 3, 3
2021/11/10, 31, 16, 16, 25, 3, 4
2021/11/11, 30, 15, 15, 23, 3, 4
2021/11/12, 33, 23, 9, 38, 4, 6
2021/11/13, 51, 40, 26, 39, 4, 7
2021/11/14, 79, 46, 13, 42, 4, 7
2021/11/15, 80, 41, 15, 42, 4, 6
2021/11/16, 70, 37, 9, 43, 5, 6
2021/11/17, 71, 46, 33, 45, 5, 6
2021/11/18, 87, 63, 29, 45, 4, 8
2021/11/19, 126, 81, 20, 51, 4, 10
2021/11/20, 164, 76, 14, 46, 4, 10
2021/11/21, 163, 36, 21, 22, 3, 4
2021/11/22, 54, 22, 15, 28, 3, 4
2021/11/23, 38, 25, 6, 40, 3, 6
2021/11/24, 52, 34, 15, 39, 4, 7
2021/11/25, 60, 22, 15, 34, 4, 5
2021/11/26, 48, 29, 12, 38, 4, 7
2021/11/27, 67, 34, 8, 40, 4, 8
2021/11/28, 85, 41, 8, 49, 4, 9
2021/11/29, 95, 16, 19, 31, 3, 5
2021/11/30, 47, 15, 18, 18, 3, 3
2021/10/1, 59, 26, 35, 32, 5, 4
2021/10/2, 44, 32, 49, 24, 4, 5
2021/10/3, 69, 37, 24, 28, 6, 4
2021/10/4, 59, 32, 27, 21, 5, 3
2021/10/5, 48, 8, 8, 24, , 4
2021/10/6, 15, 14, 14, 25, , 4
2021/10/7, 30, 18, 3, 27, , 5
2021/10/8, 40, 13, 9, 25, , 5
2021/10/9, 23, 17, 24, 17, 4, 4
2021/10/10, 35, 25, 17, 21, 3, 4
2021/10/11, 35, 13, 15, 28, 3, 4
2021/10/12, 17, 16, 17, 31, 3, 4
2021/10/13, 26, 21, 27, 26, 4, 4
2021/10/14, 38, 22, 18, 30, 4, 5
2021/10/15, 50, 28, 20, 16, 4, 4
2021/10/16, 32, 18, 22, 14, , 3
2021/10/17, 21, 22, 9, 31, 5, 5
2021/10/18, 40, 22, 20, 29, 5, 5
2021/10/19, 60, 23, 14, 31, 5, 5
2021/10/20, 59, 28, 19, 36, 4, 5
2021/10/21, 67, 27, 18, 37, 4, 6
2021/10/22, 65, 31, 17, 37, 5, 6
2021/10/23, 69, 24, 30, 30, 4, 5
2021/10/24, 65, 24, 25, 36, 4, 5
2021/10/25, 58, 34, 22, 43, 5, 6
2021/10/26, 78, 35, 24, 37, 4, 6
2021/10/27, 81, 26, 12, 37, 5, 6
2021/10/28, 56, 25, 17, 40, 5, 5
2021/10/29, 46, 22, 9, 36, 6, 5
2021/10/30, 53, 22, 27, 27, 6, 5
2021/10/31, 60, 25, 19, 34, 4, 6
2021/9/1, 15, 13, 21, 31, 4, 4
2021/9/2, 29, 15, 23, 29, 4, 4
2021/9/3, 30, 10, 21, 24, 3, 4
2021/9/4, 18, 10, 21, 18, 3, 3
2021/9/5, 17, 16, 17, 26, 3, 3
2021/9/6, 34, 9, 18, 27, 3, 5
2021/9/7, 24, 11, 24, 25, 4, 4
2021/9/8, 21, 24, 23, 33, , 5
2021/9/9, 47, 30, 35, 32, 4, 5
2021/9/10, 61, 27, 56, 33, 4, 5
2021/9/11, 69, 20, 37, 26, 4, 4
2021/9/12, 51, 26, 25, 34, , 5
2021/9/13, 57, 21, 20, 32, , 4
2021/9/14, 45, 15, 18, 29, 3, 4
2021/9/15, 31, 13, 19, 29, 3, 4
2021/9/16, 22, 11, 13, 28, , 4
2021/9/17, 21, 10, 26, 27, 4, 4
2021/9/18, 22, 11, 24, 21, 3, 4
2021/9/19, 26, 10, 28, 18, 3, 3
2021/9/20, 23, 15, 44, 14, 3, 4
2021/9/21, 37, 10, 35, 13, 2, 3
2021/9/22, 23, 14, 27, 21, 3, 4
2021/9/23, 31, 17, 20, 26, , 4
2021/9/24, 38, 8, 9, 22, 3, 4
2021/9/25, 20, 7, 21, 18, 3, 3
2021/9/26, 15, 10, 15, 24, 3, 4
2021/9/27, 20, 11, 11, 26, 3, 4
2021/9/28, 22, 11, 15, 25, 3, 4
2021/9/29, 28, 18, 18, 29, 3, 5
2021/9/30, 35, 30, 38, 28, 4, 5
2021/8/1, 64, 14, 27, 24, 3, 3
2021/8/2, 36, 22, 21, 30, 3, 4
2021/8/3, 50, 27, 26, 27, 3, 3
2021/8/4, 59, 28, 31, 28, 4, 3
2021/8/5, 66, 20, 18, 24, 3, 3
2021/8/6, 46, 16, 35, 24, 2, 3
2021/8/7, 40, 19, 21, 21, 2, 4
2021/8/8, 47, 14, 24, 23, 2, 3
2021/8/9, 29, 25, 26, 38, 2, 4
2021/8/10, 48, 35, 50, 35, 3, 5
2021/8/11, 78, 39, 42, 33, 2, 5
2021/8/12, 82, 29, 19, 30, 3, 5
2021/8/13, 63, 14, 20, 26, , 4
2021/8/14, 37, 11, 25, 18, , 3
2021/8/15, 26, 17, 25, 24, , 4
2021/8/16, 51, 16, 20, 25, 3, 3
2021/8/17, 39, 13, 18, 25, 3, 3
2021/8/18, 27, 16, 23, 28, 3, 3
2021/8/19, 37, 19, 35, 33, 3, 4
2021/8/20, 47, 13, 29, 21, 3, 3
2021/8/21, 34, 23, 39, 19, 3, 4
2021/8/22, 56, 27, 20, 30, 3, 6
2021/8/23, 62, 12, 19, 22, 3, 4
2021/8/24, 24, 16, 20, 28, 3, 4
2021/8/25, 35, 34, 36, 29, 3, 5
2021/8/26, 65, 31, 24, 35, 4, 6
2021/8/27, 63, 30, 46, 27, 3, 5
2021/8/28, 59, 29, 34, 22, 3, 4
2021/8/29, 68, 35, 33, 32, 3, 5
2021/8/30, 73, 28, 14, 32, 2, 5
2021/8/31, 64, 7, 15, 27, 3, 4
2021/7/1, 76, 28, 24, 33, 2, 4
2021/7/2, 65, 15, 16, 25, 2, 4
2021/7/3, 39, 9, 20, 17, , 3
2021/7/4, 26, 20, 22, 32, , 4
2021/7/5, 44, 42, 77, 38, 2, 5
2021/7/6, 82, 34, 26, 40, 3, 5
2021/7/7, 71, 27, 37, 30, 3, 4
2021/7/8, 61, 18, 31, 27, 2, 4
2021/7/9, 43, 25, 45, 25, 3, 4
2021/7/10, 62, 30, 39, 18, 2, 3
2021/7/11, 69, 29, 39, 38, 2, 5
2021/7/12, 65, 38, 34, 37, 2, 5
2021/7/13, 78, 30, 16, 31, 2, 4
2021/7/14, 63, 22, 28, 32, 2, 3
2021/7/15, 49, 22, 29, 26, 2, 3
2021/7/16, 50, 16, 18, 26, 2, 3
2021/7/17, 43, 14, 28, 22, , 3
2021/7/18, 36, 16, 20, 26, 2, 3
2021/7/19, 41, 20, 30, 26, 2, 3
2021/7/20, 50, 24, 28, 31, 2, 3
2021/7/21, 57, 23, 24, 32, 2, 4
2021/7/22, 56, 28, 34, 39, 2, 4
2021/7/23, 68, 26, 31, 35, 2, 4
2021/7/24, 64, 23, 34, 24, 2, 3
2021/7/25, 60, 25, 27, 33, 2, 4
2021/7/26, 61, 26, 32, 31, , 3
2021/7/27, 64, 33, 66, 33, , 4
2021/7/28, 78, 47, 63, 39, 5, 5
2021/7/29, 108, 32, 46, 34, 4, 4
2021/7/30, 75, 22, 46, 20, 3, 3
2021/7/31, 58, 25, 32, 23, 3, 4
2021/6/1, 72, 48, 34, 35, 4, 5
2021/6/2, 86, 38, 18, 34, 2, 4
2021/6/3, 70, 27, 29, 29, 4, 3
2021/6/4, 48, 40, 34, 25, 3, 4
2021/6/5, 72, 55, 41, 23, 2, 6
2021/6/6, 105, 39, 21, 39, 3, 5
2021/6/7, 63, 37, 24, 41, 2, 5
2021/6/8, 68, 42, 38, 46, 1, 5
2021/6/9, 75, 53, 27, 46, 1, 5
2021/6/10, 98, 24, 20, 22, 1, 3
2021/6/11, 56, 23, 21, 24, 1, 4
2021/6/12, 48, 34, 37, 24, 1, 4
2021/6/13, 68, 40, 34, 36, 1, 5
2021/6/14, 76, 32, 11, 31, 1, 5
2021/6/15, 61, 17, 12, 23, 1, 3
2021/6/16, 26, 19, 12, 27, 1, 3
2021/6/17, 39, 17, 22, 21, 1, 3
2021/6/18, 42, 40, 36, 30, 2, 5
2021/6/19, 79, 48, 40, 23, 2, 5
2021/6/20, 89, 43, 26, 25, 2, 4
2021/6/21, 78, 24, 21, 30, 2, 4
2021/6/22, 48, 19, 23, 27, 2, 4
2021/6/23, 44, 29, 25, 33, 3, 5
2021/6/24, 62, 41, 46, 36, 2, 5
2021/6/25, 83, 22, 28, 25, , 4
2021/6/26, 57, 22, 35, 20, 2, 4
2021/6/27, 55, 26, 23, 30, 2, 4
2021/6/28, 58, 30, 29, 34, 2, 5
2021/6/29, 65, 37, 30, 36, 3, 5
2021/6/30, 76, 35, 38, 33, 3, 4
2021/5/1, 51, 18, 21, 15, , 2
2021/5/2, 31, 31, 23, 32, 3, 3
2021/5/3, 61, 31, 5, 44, 2, 4
2021/5/4, 63, 37, 19, 19, , 3
2021/5/5, 44, 60, 28, 35, 3, 3
2021/5/6, 61, 274, 13, 34, 2, 2
2021/5/7, 119, 427, 21, 23, 2, 2
2021/5/8, 145, 50, 23, 18, , 2
2021/5/9, 44, 27, 8, 38, 2, 2
2021/5/10, 45, 23, 16, 32, 2, 2
2021/5/11, 45, 25, 21, 36, , 2
2021/5/12, 45, 44, 34, 41, 3, 4
2021/5/13, 75, 48, 29, 43, 3, 5
2021/5/14, 85, 43, 12, 36, 2, 6
2021/5/15, 85, 10, 10, 18, , 5
2021/5/16, 20, 13, 9, 25, 2, 5
2021/5/17, 24, 27, 21, 28, 3, 5
2021/5/18, 47, 33, 32, 38, 6, 7
2021/5/19, 64, 27, 15, 41, 4, 5
2021/5/20, 52, 15, 19, 27, 4, 4
2021/5/21, 34, 26, 28, 26, 4, 5
2021/5/22, 53, 32, 33, 24, 4, 5
2021/5/23, 68, 82, 21, 28, 4, 4
2021/5/24, 87, 79, 21, 28, 4, 3
2021/5/25, 80, 46, 22, 32, 3, 4
2021/5/26, 60, 39, 21, 23, 2, 4
2021/5/27, 59, 34, 25, 29, , 6
2021/5/28, 64, 20, 20, 24, , 4
2021/5/29, 44, 25, 24, 23, , 4
2021/5/30, 47, 34, 17, 35, , 5
2021/5/31, 62, 39, 14, 36, 3, 5
2021/4/1, 57, 48, 17, 34, 3, 4
2021/4/2, 55, 35, 16, 36, 2, 6
2021/4/3, 54, 15, 19, 18, , 4
2021/4/4, 26, 23, 18, 29, 2, 4
2021/4/5, 45, 39, 26, 34, 3, 5
2021/4/6, 67, 44, 20, 36, 3, 5
2021/4/7, 80, 34, 20, 29, 2, 5
2021/4/8, 57, 36, 22, 30, 3, 4
2021/4/9, 61, 35, 26, 29, 2, 3
2021/4/10, 66, 45, 28, 32, 2, 3
2021/4/11, 78, 38, 12, 42, 2, 3
2021/4/12, 67, 15, 16, 22, , 2
2021/4/13, 33, 28, 19, 24, 3, 2
2021/4/14, 55, 45, 23, 36, 3, 2
2021/4/15, 74, 56, 15, 36, 2, 2
2021/4/16, 64, 60, 14, 31, 3, 2
2021/4/17, 55, 32, 19, 17, , 
2021/4/18, 51, 46, 26, 32, 3, 2
2021/4/19, 72, 59, 34, 44, 5, 2
2021/4/20, 97, 59, 41, 52, 4, 7
2021/4/21, 97, 63, 33, 46, 5, 6
2021/4/22, 108, 45, 22, 39, 3, 6
2021/4/23, 76, 26, 19, 28, 2, 4
2021/4/24, 50, 28, 20, 24, , 4
2021/4/25, 53, 30, 23, 30, 2, 4
2021/4/26, 54, 33, 20, 31, 3, 4
2021/4/27, 59, 52, 16, 29, 3, 5
2021/4/28, 72, 57, 24, 34, 2, 5
2021/4/29, 69, 33, 20, 26, 2, 3
2021/4/30, 55, 25, 16, 21, 2, 3
2021/3/1, 45, 11, 13, 29, 2, 4
2021/3/2, 27, 34, 9, 39, 3, 5
2021/3/3, 63, 43, 6, 46, 3, 6
2021/3/4, 77, 33, 14, 37, 3, 6
2021/3/5, 66, 32, 12, 33, 2, 5
2021/3/6, 60, 22, 17, 22, , 3
2021/3/7, 46, 40, 14, 40, 3, 5
2021/3/8, 73, 44, 15, 41, 3, 5
2021/3/9, 80, 61, 17, 55, 3, 7
2021/3/10, 122, 84, 18, 61, 5, 9
2021/3/11, 166, 59, 14, 50, 4, 7
2021/3/12, 124, 51, 21, 37, 2, 6
2021/3/13, 106, 60, 21, 32, 2, 6
2021/3/14, 138, 65, 20, 41, 3, 8
2021/3/15, 144, 67, 19, 25, 2, 4
2021/3/16, 59, 75, 13, 36, 4, 5
2021/3/17, 65, 73, 13, 51, 3, 6
2021/3/18, 103, 58, 17, 38, 2, 5
2021/3/19, 75, 26, 15, 30, 2, 4
2021/3/20, 45, 42, 19, 17, , 5
2021/3/21, 88, 36, 16, 25, 2, 3
2021/3/22, 58, 62, 20, 36, 4, 6
2021/3/23, 84, 54, 22, 44, 3, 6
2021/3/24, 77, 53, 28, 44, 4, 5
2021/3/25, 87, 70, 15, 59, 3, 8
2021/3/26, 135, 50, 9, 54, 3, 8
2021/3/27, 93, 16, 16, 22, , 4
2021/3/28, 45, 186, 15, 27, 2, 5
2021/3/29, 103, 85, 20, 37, 3, 4
2021/3/30, 77, 42, 16, 44, 3, 3
2021/3/31, 61, 46, 17, 41, 3, 4
2021/2/1, 101, 34, 16, 20, 4, 2
2021/2/2, 63, 34, 10, 30, 4, 4
2021/2/3, 67, 25, 15, 29, , 3
2021/2/4, 54, 29, 9, 47, 4, 5
2021/2/5, 63, 49, 18, 43, 4, 5
2021/2/6, 100, 63, 17, 26, 3, 5
2021/2/7, 124, 30, 13, 20, 4, 3
2021/2/8, 59, 25, 10, 35, 4, 4
2021/2/9, 57, 33, 10, 45, 4, 5
2021/2/10, 73, 53, 16, 40, 3, 5
2021/2/11, 115, 61, 19, 42, 4, 6
2021/2/12, 137, 67, 19, 50, 3, 7
2021/2/13, 149, 67, 16, 53, 5, 7
2021/2/14, 154, 47, 13, 30, 4, 5
2021/2/15, 98, 24, 15, 24, 3, 3
2021/2/16, 51, 39, 14, 14, 2, 3
2021/2/17, 45, 41, 12, 21, 4, 3
2021/2/18, 55, 45, 15, 37, 3, 6
2021/2/19, 76, 58, 15, 48, 5, 7
2021/2/20, 99, 56, 24, 38, 4, 8
2021/2/21, 105, 50, 16, 40, 3, 7
2021/2/22, 81, 48, 14, 20, 4, 4
2021/2/23, 55, 49, 10, 37, 4, 5
2021/2/24, 70, 51, 3, 54, 4, 7
2021/2/25, 87, 42, 10, 44, 4, 6
2021/2/26, 77, 20, 13, 33, 2, 4
2021/2/27, 45, 24, 9, 35, 3, 4
2021/2/28, 53, 18, 12, 32, 2, 4
2021/1/4, 75, 27, 12, 24, 2, 3
2021/1/5, 49, 25, 12, 34, 2, 4
2021/1/6, 53, 27, 14, 14, 3, 2
2021/1/7, 43, 19, 13, 18, 4, 2
2021/1/8, 44, 26, 11, 26, 4, 4
2021/1/9, 59, 30, 8, 31, 3, 4
2021/1/10, 70, 37, 3, 43, 3, 7
2021/1/11, 87, 54, 2, 47, 3, 8
2021/1/12, 130, 73, 5, 49, 5, 8
2021/1/13, 131, 66, 6, 46, 4, 7
2021/1/14, 88, 64, 9, 47, 5, 7
2021/1/15, 94, 48, 13, 22, 3, 4
2021/1/16, 99, 21, 14, 23, 3, 3
2021/1/17, 53, 31, 16, 29, 3, 4
2021/1/18, 61, 35, 10, 37, 3, 5
2021/1/19, 57, 45, 5, 51, 3, 7
2021/1/20, 82, 47, 1, 58, 5, 8
2021/1/21, 91, 38, 3, 46, 4, 7
2021/1/22, 95, 16, 10, 37, 3, 5
2021/1/23, 43, 14, 12, 33, 3, 5
2021/1/24, 40, 25, 6, 43, 4, 7
2021/1/25, 60, 36, 14, 43, 4, 7
2021/1/26, 79, 40, 13, 32, 4, 5
2021/1/27, 67, 34, 16, 30, 3, 4
2021/1/28, 60, 25, 15, 23, 3, 3
2021/1/29, 40, 42, 6, 40, 3, 4
2021/1/30, 70, 48, 7, 40, 3, 6
2021/1/31, 82, 57, 16, 41, 4, 5
2020/10/10, 34, 17, , , , 
2020/10/11, 45, 29, , , , 
2020/10/12, 61, 26, , , , 
2020/10/13, 46, 29, , , , 
2020/10/14, 46, 29, 5, 52, 2, 5
2020/10/15, 44, 35, 2, 44, 2, 7
2020/10/16, 59, 29, 18, 32, 2, 6
2020/10/17, 65, 24, 26, 31, 3, 6
2020/10/18, 55, 46, 24, 46, 3, 7
2020/10/19, 94, 51, 19, 50, 2, 8
2020/10/20, 98, 37, 6, 50, 3, 7
2020/10/21, 71, 55, 18, 31, 3, 6
2020/10/22, 84, 22, 14, 21, 2, 4
2020/10/23, 39, 21, 16, 29, 3, 5
2020/10/24, 41, 24, 19, 33, 3, 5
2020/10/25, 56, 43, 17, 47, 4, 8
2020/10/26, 80, 60, 20, 55, 4, 8
2020/10/27, 125, 44, 15, 44, 4, 8
2020/10/28, 89, 32, 10, 45, 3, 6
2020/10/29, 53, 36, 10, 47, 4, 7
2020/10/30, 61, 24, 16, 41, 3, 6
2020/10/31, 52, 34, 10, 38, 2, 7
2020/11/1, 76, 39, 12, 34, 4, 6
2020/11/2, 61, 19, 12, 21, 3, 4
2020/11/3, 32, 24, 13, 31, 3, 5
2020/11/4, 34, 34, 8, 49, 3, 7
2020/11/5, 56, 46, 5, 55, 4, 8
2020/11/6, 76, 80, 24, 41, 5, 7
2020/11/7, 101, 67, 14, 20, 3, 5
2020/11/8, 48, 28, 8, 34, 4, 5
2020/11/9, 23, 34, 11, 40, 3, 6
2020/11/10, 39, 42, 6, 50, 4, 7
2020/11/11, 65, 60, 6, 64, 5, 8
2020/11/12, 95, 61, 7, 63, 4, 9
2020/11/13, 110, 59, 14, 49, 3, 8
2020/11/14, 109, 58, 21, 43, 3, 7
2020/11/15, 121, 60, 11, 51, 3, 8
2020/11/16, 114, 57, 7, 59, 4, 10
2020/11/17, 108, 50, 3, 41, 2, 7
2020/11/18, 92, 19, 10, 22, 2, 5
2020/11/19, 34, 23, 10, 23, , 4
2020/11/20, 42, 27, 6, 31, 2, 5
2020/11/21, 56, 24, 12, 22, 2, 4
2020/11/22, 55, 24, 9, 26, 3, 5
2020/11/23, 51, 30, 2, 39, 3, 7
2020/11/24, 56, 41, 3, 43, 4, 8
2020/11/25, 73, 52, 8, 41, 4, 9
2020/11/26, 97, 39, 9, 32, 4, 7
2020/11/27, 72, 23, 12, 22, 3, 4
2020/11/28, 42, 24, 13, 22, 3, 5
2020/11/29, 44, 28, 9, 36, 4, 6
2020/11/30, 52, 30, 9, 35, 4, 6
2020/12/1, 55, 32, 12, 36, 5, 6
2020/12/2, 60, 30, 13, 27, 4, 5
2020/12/3, 59, 39, 8, 36, 4, 7
2020/12/4, 69, 40, 7, 41, 3, 8
2020/12/5, 76, 47, 10, 37, 3, 7
2020/12/6, 97, 50, 17, 35, 4, 7
2020/12/7, 104, 28, 12, 33, 3, 5
2020/12/8, 58, 42, 3, 47, 3, 8
2020/12/9, 77, 56, 3, 51, 4, 9
2020/12/10, 114, 76, 6, 50, 4, 11
2020/12/11, 159, 53, 12, 38, 4, 7
2020/12/12, 107, 35, 14, 28, 3, 5
2020/12/13, 76, 23, 12, 17, 3, 4
2020/12/14, 44, 19, 13, 19, 3, 4
2020/12/15, 41, 25, 10, 24, 4, 5
2020/12/16, 50, 32, 5, 40, 3, 
2020/12/17, 65, 36, 12, 35, 4, 
2020/12/18, 73, 28, 11, 22, 3, 
2020/12/19, 49, 27, 11, 27, 3, 
2020/12/20, 58, 38, 5, 47, 3, 
2020/12/21, 81, 48, 7, 49, 4, 7
2020/12/22, 103, 57, 10, 52, 5, 8
2020/12/23, 129, 55, 13, 36, 4, 5
2020/12/24, 108, 29, 13, 25, 4, 3
2020/12/25, 57, 49, 6, 45, 4, 7
2020/12/26, 94, 55, 10, 40, 4, 7
2020/12/27, 109, 56, 5, 50, 4, 7
2020/12/28, 121, 54, 10, 35, 4, 7
2020/12/29, 116, 35, 11, 17, 2, 2
2020/12/30, 53, 27, 10, 23, 4, 3
2020/12/31, 50, 28, 12, 30, 3, 4
2021/1/1, 62, 33, 15, 20, 2, 2
2021/1/2, 45, 39, 12, 24, 3, 3
2021/1/3, 57, 40, 5, 42, 3, 5
2020/7/1, 44, 45, 73, 25, , 3
2020/7/2, 91, 36, 34, 24, , 3
2020/7/3, 80, 22, 36, 19, 4, 2
2020/7/4, 47, 25, 53, 18, 4, 3
2020/7/5, 60, 26, 48, 25, 4, 3
2020/7/6, 59, 18, 38, 17, 4, 2
2020/7/7, 43, 31, 56, 25, 4, 3
2020/7/8, 63, 34, 44, 33, 4, 4
2020/7/9, 68, 17, 35, 24, 4, 3
2020/7/10, 39, 9, 29, 20, 4, 2
2020/7/11, 22, 13, 30, 17, 4, 2
2020/7/12, 34, 10, 23, 20, 4, 3
2020/7/13, 22, 10, 21, 17, , 2
2020/7/14, 17, 12, 19, 19, , 2
2020/7/15, 24, 27, 49, 25, 4, 3
2020/7/16, 53, 37, 74, 30, , 4
2020/7/17, 69, 44, 76, 25, , 4
2020/7/18, 82, 20, 49, 18, 4, 3
2020/7/19, 48, 17, 95, 15, 3, 2
2020/7/20, 37, 28, 38, 23, 3, 4
2020/7/21, 65, 23, 37, 25, 3, 4
2020/7/22, 51, 20, 21, 23, 3, 4
2020/7/23, 41, 6, 23, 16, 3, 2
2020/7/24, 16, 5, 16, 12, 4, 2
2020/7/25, 14, 8, 35, 15, 4, 2
2020/7/26, 25, 13, 41, 18, 3, 3
2020/7/27, 26, 15, 44, 18, 4, 3
2020/7/28, 24, 10, 62, 20, 3, 3
2020/7/29, 21, 18, 61, 20, 4, 3
2020/7/30, 42, 24, 25, 20, , 3
2020/7/31, 55, 15, 32, 13, 4, 2
2020/8/1, 34, 10, 40, 15, , 2
2020/8/2, 19, 12, 33, 15, , 2
2020/8/3, 31, 28, 32, 12, , 2
2020/8/4, 58, 30, 27, 13, , 4
2020/8/5, 62, 15, 11, 13, 2, 2
2020/8/6, 36, 26, 10, 21, 4, 5
2020/8/7, 59, 14, 11, 17, 3, 4
2020/8/8, 32, 9, 16, 13, 2, 3
2020/8/9, 19, 12, 17, 14, 3, 3
2020/8/10, 23, 10, 18, 21, 2, 3
2020/8/11, 27, 22, 24, 20, 2, 4
2020/8/12, 46, 25, 26, 18, 3, 3
2020/8/13, 48, 29, 32, 17, 3, 3
2020/8/14, 57, 35, 37, 20, 2, 4
2020/8/15, 71, 20, 19, 12, 2, 3
2020/8/16, 49, 20, 23, 16, 3, 2
2020/8/17, 52, 28, 27, 19, 3, 3
2020/8/18, 63, 36, 21, 17, 4, 3
2020/8/19, 74, 34, 31, 19, 3, 3
2020/8/20, 72, 26, 16, 19, 3, 4
2020/8/21, 61, 14, 14, 18, 4, 4
2020/8/22, 35, 11, 31, 14, 3, 3
2020/8/23, 31, 22, 27, 20, 3, 3
2020/8/24, 50, 29, 27, 21, , 4
2020/8/25, 65, 21, 19, 19, , 3
2020/8/26, 49, 18, 27, 13, 3, 3
2020/8/27, 40, 22, 34, 20, , 4
2020/8/28, 53, , , , , 
2020/4/1, 90, 40, 27, 25, 4, 2
2020/4/2, 68, 53, 32, 29, 5, 3
2020/4/3, 87, 62, 30, 17, 4, 2
2020/4/4, 85, 44, 35, 14, 4, 2
2020/4/5, 59, 55, 31, 30, 5, 3
2020/4/6, 69, 60, 33, 28, 5, 3
2020/4/7, 81, 41, 29, 20, 4, 2
2020/4/8, 53, 47, 30, 23, 5, 3
2020/4/9, 64, 43, 28, 29, 4, 3
2020/4/10, 66, 45, 29, 26, 4, 2
2020/4/11, 75, 34, 31, 19, 4, 3
2020/4/12, 60, 21, 29, 19, 4, 2
2020/4/13, 34, 48, 43, 28, 4, 3
2020/4/14, 70, 58, 53, 33, 4, 3
2020/4/15, 93, 54, 44, 33, 4, 3
2020/4/16, 83, 41, 22, 29, 4, 3
2020/4/17, 68, 27, 29, 17, , 2
2020/4/18, 46, 28, 22, 20, , 2
2020/4/19, 55, 20, 24, 19, , 1
2020/4/20, 36, 34, 25, 16, 4, 1
2020/4/21, 35, 67, 24, 13, , 1
2020/4/22, 39, 41, 25, 15, 4, 1
2020/4/23, 39, 44, 34, 21, 4, 2
2020/4/24, 50, 54, 44, 20, 4, 2
2020/4/25, 71, 32, 33, 15, 4, 1
2020/4/26, 46, 35, 29, 26, 4, 2
2020/4/27, 50, 39, 40, 26, 4, 3
2020/4/28, 60, 52, 40, 29, 5, 3
2020/4/29, 88, 39, 40, 28, 4, 3
2020/4/30, 61, 53, 40, 16, 4, 1
2020/5/1, 88, 53, 42, 16, , 1
2020/5/2, 88, 32, 37, 15, 4, 1
2020/5/3, 59, 41, 29, 24, 4, 2
2020/5/4, 65, 39, 22, 24, 4, 2
2020/5/5, 63, 35, 29, 27, 4, 2
2020/5/6, 54, 29, 29, 29, 2, 2
2020/5/7, 41, 32, 30, 32, 2, 2
2020/5/8, 45, 15, 28, 20, , 2
2020/5/9, 37, 34, 42, 12, 2, 3
2020/5/10, 81, 87, 38, 20, 2, 3
2020/5/11, 103, 43, 27, 20, 2, 2
2020/5/12, 57, 34, 26, 22, 2, 3
2020/5/13, 39, 45, 24, 36, 3, 4
2020/5/14, 50, 30, 14, 31, 2, 3
2020/5/15, 46, 30, 28, 24, , 3
2020/5/16, 61, 52, 44, 19, , 3
2020/5/17, 106, 45, 32, 28, , 4
2020/5/18, 88, 19, 27, 16, 2, 2
2020/5/19, 38, 11, 17, 17, 105, 2
2020/5/20, 22, 26, 21, 26, 2, 3
2020/5/21, 45, 56, 26, 29, 5, 4
2020/5/22, 101, 50, 42, 27, 6, 3
2020/5/23, 100, 30, 31, 12, 5, 2
2020/5/24, 70, 49, 34, 23, 5, 4
2020/5/25, 105, 54, 33, 25, 5, 4
2020/5/26, 121, 22, 37, 20, , 3
2020/5/27, 47, 35, 44, 28, 5, 3
2020/5/28, 69, 35, 35, 30, 5, 4
2020/5/29, 69, 37, 57, 31, 5, 3
2020/5/30, 71, 45, 58, 21, 6, 3
2020/5/31, 89, 20, 35, 15, 5, 1
2020/6/1, 39, 28, 29, 28, 5, 3
2020/6/2, 54, 51, 52, 23, , 3
2020/6/3, 83, 49, 48, 21, , 3
2020/6/4, 80, 46, 54, 26, 5, 3
2020/6/5, 73, 46, 73, 30, , 3
2020/6/6, 80, 52, 55, 16, 5, 3
2020/6/7, 90, 44, 53, 27, 6, 3
2020/6/8, 75, 45, 50, 33, 5, 3
2020/6/9, 71, 42, 54, 33, 5, 3
2020/6/10, 71, 30, 33, 24, , 2
2020/6/11, 55, 46, 28, 34, 4, 3
2020/6/12, 70, 48, 75, 30, 4, 3
2020/6/13, 74, 40, 41, 15, 4, 2
2020/6/14, 71, 28, 33, 20, 4, 2
2020/6/15, 52, 51, 77, 25, 4, 4
2020/6/16, 94, 50, 58, 31, 5, 4
2020/6/17, 96, 41, 33, 35, 4, 4
2020/6/18, 74, 23, 37, 20, 4, 2
2020/6/19, 50, 34, 61, 23, 4, 3
2020/6/20, 68, 34, 55, 20, , 3
2020/6/21, 68, 36, 48, 31, , 3
2020/6/22, 65, 42, 53, 38, 4, 3
2020/6/23, 71, 30, 29, 29, 4, 3
2020/6/24, 59, 13, 34, 21, 4, 2
2020/6/25, 31, 24, 35, 19, 4, 3
2020/6/26, 51, 29, 44, 23, 4, 3
2020/6/27, 60, 28, 37, 15, 4, 2
2020/6/28, 61, 36, 31, 28, 5, 4
2020/6/29, 72, 10, 36, 14, 4, 2
2020/6/30, 25, 23, 20, 24, 4, 3
2020/1/1, 79, 50, 5, 31, 5, 6
2020/1/2, 126, 52, 10, 34, 6, 7
2020/1/3, 129, 50, 13, 34, 6, 7
2020/1/4, 116, 48, 10, 33, 5, 7
2020/1/5, 108, 42, 4, 33, 6, 7
2020/1/6, 98, 14, 6, 28, 6, 5
2020/1/7, 44, 24, 15, 21, 5, 3
2020/1/8, 69, 47, 19, 21, 7, 4
2020/1/9, 113, 56, 7, 30, 6, 6
2020/1/10, 136, 49, 17, 26, 6, 6
2020/1/11, 116, 46, 20, 20, 6, 4
2020/1/12, 114, 26, 17, 19, 6, 3
2020/1/13, 63, 30, 12, 28, 6, 4
2020/1/14, 71, 36, 10, 28, 7, 5
2020/1/15, 79, 41, 13, 28, 7, 6
2020/1/16, 90, 52, 8, 34, 7, 7
2020/1/17, 114, 53, 11, 35, 8, 8
2020/1/18, 119, 51, 16, 31, , 7
2020/1/19, 121, 50, 21, 22, 7, 5
2020/1/20, 98, 39, 10, 30, 8, 6
2020/1/21, 80, 45, 7, 34, 8, 7
2020/1/22, 97, 55, 18, 35, 8, 7
2020/1/23, 127, 57, 16, 31, 6, 6
2020/1/24, 132, 44, 12, 30, 6, 6
2020/1/25, 105, 27, 20, 24, 5, 4
2020/1/26, 64, 14, 25, 15, , 2
2020/1/27, 25, 19, 19, 24, , 3
2020/1/28, 27, 22, 11, 31, 6, 4
2020/1/29, 40, 21, 14, 30, 6, 4
2020/1/30, 44, 28, 11, 32, 5, 3
2020/1/31, 63, 57, 20, 33, 5, 6
2020/2/1, 137, 58, 22, 29, 6, 6
2020/2/2, 141, 24, 23, 19, 5, 2
2020/2/3, 58, 28, 21, 25, 6, 3
2020/2/4, 64, 22, 21, 15, 6, 2
2020/2/5, 42, 36, 13, 26, 6, 3
2020/2/6, 71, 36, 14, 29, 6, 5
2020/2/7, 83, 37, 22, 19, 7, 3
2020/2/8, 84, 35, 24, 25, 5, 4
2020/2/9, 82, 46, 16, 35, 7, 5
2020/2/10, 105, 51, 10, 41, 7, 6
2020/2/11, 107, 46, 4, 40, 7, 7
2020/2/12, 112, 52, 14, 33, 5, 5
2020/2/13, 130, 63, 11, 37, 6, 8
2020/2/14, 155, 55, 20, 32, 5, 6
2020/2/15, 132, 23, 21, 13, 4, 3
2020/2/16, 61, 28, 21, 16, , 2
2020/2/17, 63, 23, 19, 21, 6, 2
2020/2/18, 53, 29, 14, 32, 5, 4
2020/2/19, 70, 53, 12, 35, 6, 5
2020/2/20, 116, 58, 16, 35, 6, 5
2020/2/21, 123, 55, 24, 18, , 4
2020/2/22, 97, 23, 25, 20, 6, 2
2020/2/23, 43, 39, 14, 37, 7, 4
2020/2/24, 67, 27, 17, 31, 5, 3
2020/2/25, 62, 21, 16, 26, 5, 3
2020/2/26, 35, 18, 19, 25, 6, 2
2020/2/27, 30, 30, 7, 31, 6, 4
2020/2/28, 61, 30, 19, 25, , 3
2020/2/29, 62, 43, 19, 25, 5, 4
2020/3/1, 88, 38, 24, 20, 6, 3
2020/3/2, 76, 38, 24, 28, 5, 4
2020/3/3, 80, 42, 27, 18, 5, 3
2020/3/4, 84, 33, 23, 21, 5, 2
2020/3/5, 70, 42, 12, 36, 6, 4
2020/3/6, 79, 51, 19, 35, 6, 4
2020/3/7, 97, 53, 31, 31, 6, 4
2020/3/8, 105, 53, 25, 35, 6, 4
2020/3/9, 103, 32, 24, 22, 5, 3
2020/3/10, 67, 35, 22, 17, 6, 2
2020/3/11, 37, 37, 22, 27, 6, 3
2020/3/12, 52, 32, 24, 18, 5, 2
2020/3/13, 41, 39, 25, 21, 6, 2
2020/3/14, 58, 40, 27, 12, 5, 1
2020/3/15, 54, 24, 20, 19, 5, 2
2020/3/16, 38, 48, 20, 29, 6, 3
2020/3/17, 68, 55, 28, 33, 7, 5
2020/3/18, 97, 64, 30, 26, 5, 3
2020/3/19, 94, 31, 24, 18, 6, 2
2020/3/20, 27, 54, 34, 29, 6, 3
2020/3/21, 63, 41, 31, 13, 5, 1
2020/3/22, 57, 51, 31, 27, 6, 3
2020/3/23, 75, 52, 28, 32, 5, 4
2020/3/24, 85, 50, 31, 36, 5, 4
2020/3/25, 80, 53, 35, 35, 5, 3
2020/3/26, 90, 44, 24, 17, 4, 2
2020/3/27, 66, 33, 25, 14, 4, 1
2020/3/28, 24, 41, 31, 17, 4, 2
2020/3/29, 43, , , , , 
2019/10/1, 87, 27, 13, 25, 4, 4
2019/10/2, 58, 12, 19, 19, 4, 3
2019/10/3, 25, 28, 26, 24, 4, 4
2019/10/4, 57, 38, 27, 19, 3, 3
2019/10/5, 69, 14, 19, 19, 3, 3
2019/10/6, 22, 12, 10, 23, 3, 3
2019/10/7, 27, 21, 17, 22, 2, 3
2019/10/8, 33, 27, 18, 25, , 4
2019/10/9, 40, 32, 6, 32, 2, 5
2019/10/10, 54, 40, 16, 31, , 5
2019/10/11, 69, 30, 16, 28, , 4
2019/10/12, 49, 24, 20, 24, , 4
2019/10/13, 37, 35, 19, 23, 2, 4
2019/10/14, 58, 26, 15, 28, 3, 5
2019/10/15, 44, 30, 18, 31, , 4
2019/10/16, 56, 35, 14, 33, 3, 5
2019/10/17, 60, 28, 11, 32, 3, 5
2019/10/18, 47, 26, 19, 29, 3, 4
2019/10/19, 44, 39, 25, 27, 2, 5
2019/10/20, 70, 45, 16, 39, 3, 6
2019/10/21, 78, 42, 19, 35, 3, 6
2019/10/22, 80, 31, 13, 35, 3, 5
2019/10/23, 60, 35, 16, 37, , 5
2019/10/24, 61, 28, 19, 29, 3, 4
2019/10/25, 50, 26, 19, 19, , 4
2019/10/26, 53, 29, 20, 25, , 5
2019/10/27, 58, 31, 21, 28, 3, 5
2019/10/28, 65, 64, 20, 25, 3, 4
2019/10/29, 59, 29, 14, 29, 3, 4
2019/10/30, 47, 64, 32, 32, 3, 5
2019/10/31, 76, 69, 21, 39, 3, 6
2019/11/1, 98, 61, 10, 44, 3, 7
2019/11/2, 105, 47, 16, 32, 3, 6
2019/11/3, 99, 20, 13, 29, 3, 4
2019/11/4, 34, 38, 21, 31, 3, 5
2019/11/5, 66, 48, 13, 36, 4, 6
2019/11/6, 92, 48, 18, 31, 3, 5
2019/11/7, 78, 48, 11, 34, 3, 6
2019/11/8, 73, 47, 10, 37, 3, 7
2019/11/9, 80, 41, 10, 33, 3, 6
2019/11/10, 84, 25, 19, 28, 3, 5
2019/11/11, 55, 41, 5, 34, 3, 7
2019/11/12, 71, 41, 7, 31, 3, 8
2019/11/13, 76, 21, 17, , 4, 3
2019/11/14, 25, 24, 3, 34, 3, 6
2019/11/15, 53, 30, 5, 27, 3, 6
2019/11/16, 66, 27, 5, 37, 2, 6
2019/11/17, 51, 47, 20, 20, , 3
2019/11/18, 36, 34, 16, 21, 3, 4
2019/11/19, 37, 28, 13, 28, 4, 5
2019/11/20, 47, 44, 4, 35, 3, 8
2019/11/21, 72, 52, 7, 38, 3, 9
2019/11/22, 81, 41, 7, 36, 3, 8
2019/11/23, 70, 31, 11, 27, 3, 6
2019/11/24, 62, 28, 15, 20, 3, 5
2019/11/25, 55, 32, 7, 30, 4, 6
2019/11/26, 61, 38, 15, 22, 5, 4
2019/11/27, 70, 36, 10, 28, 6, 5
2019/11/28, 64, 44, 12, 32, 6, 5
2019/11/29, 72, 47, 6, 38, 6, 6
2019/11/30, 90, 39, 10, 31, 5, 6
2019/12/1, 89, 22, 21, 19, 6, 2
2019/12/2, 43, 35, 10, 32, 5, 4
2019/12/3, 62, 34, 15, 29, 6, 4
2019/12/4, 59, 21, 20, 19, 6, 2
2019/12/5, 41, 34, 12, 27, 6, 5
2019/12/6, 63, 45, 5, 35, , 7
2019/12/7, 92, 54, 8, 33, 5, 8
2019/12/8, 124, 60, 4, 37, 6, 8
2019/12/9, 132, 73, 7, 44, 6, 8
2019/12/10, 144, 65, 16, 31, 5, 5
2019/12/11, 127, 23, 16, 21, 5, 3
2019/12/12, 53, 34, 5, 32, 6, 5
2019/12/13, 68, 30, 14, 25, , 5
2019/12/14, 59, 33, 10, 32, 5, 6
2019/12/15, 65, 35, 6, 35, 6, 7
2019/12/16, 68, 28, 11, 30, 4, 5
2019/12/17, 71, 40, 14, 23, 5, 5
2019/12/18, 84, 30, 14, 25, 6, 3
2019/12/19, 58, 26, 14, 28, 6, 5
2019/12/20, 55, 32, 4, 34, 6, 7
2019/12/21, 64, 51, 12, 32, 6, 7
2019/12/22, 101, 47, 12, 31, 5, 7
2019/12/23, 96, 57, 7, 35, 5, 9
2019/12/24, 119, 48, 6, 34, , 7
2019/12/25, 92, 43, 16, 29, , 5
2019/12/26, 84, 32, 19, 27, 6, 4
2019/12/27, 66, 38, 7, 35, 6, 6
2019/12/28, 66, 47, 7, 33, , 6
2019/12/29, 76, , , , , 
2019/7/1, 81, 27, 43, 26, 7, 3
2019/7/2, 71, 30, 33, 36, , 3
2019/7/3, 77, 30, 47, 36, , 3
2019/7/4, 73, 35, 56, 48, , 4
2019/7/5, 82, 41, 34, 45, 7, 4
2019/7/6, 88, 21, 33, 25, 7, 2
2019/7/7, 48, 16, 28, 28, 7, 2
2019/7/8, 29, 15, 21, 33, 8, 2
2019/7/9, 25, 17, 23, 27, 8, 2
2019/7/10, 28, 6, 18, 22, 8, 2
2019/7/11, 13, 14, 27, 26, 8, 2
2019/7/12, 46, 25, 44, 32, 8, 3
2019/7/13, 72, 33, 54, 31, 8, 4
2019/7/14, 86, 26, 24, 41, , 5
2019/7/15, 69, 28, 35, 38, , 4
2019/7/16, 66, 47, 35, 46, 8, 5
2019/7/17, 112, 53, 63, 47, 8, 5
2019/7/18, 123, 29, 37, 37, 8, 3
2019/7/19, 74, 4, 17, 24, 8, 2
2019/7/20, 19, 15, 32, 15, 8, 1
2019/7/21, 34, 37, 43, 29, 8, 2
2019/7/22, 92, 21, 29, 32, , 3
2019/7/23, 60, 18, 35, 26, 8, 2
2019/7/24, 54, 20, 46, 32, 8, 3
2019/7/25, 58, 18, 47, 34, 8, 3
2019/7/26, 51, 14, 49, 31, 8, 3
2019/7/27, 46, 12, 44, 23, 8, 2
2019/7/28, 41, 11, 30, 19, 7, 2
2019/7/29, 31, 15, 19, 21, 5, 1
2019/7/30, 45, 13, 22, 32, 5, 2
2019/7/31, 38, 10, 18, 25, 5, 2
2019/8/1, 33, 13, 22, 27, 5, 2
2019/8/2, 43, 12, 29, 30, 5, 2
2019/8/3, 47, 16, 38, 31, 5, 3
2019/8/4, 59, 25, 26, 34, 5, 2
2019/8/5, 77, 20, 19, 36, 5, 2
2019/8/6, 64, 11, 17, 26, 5, 3
2019/8/7, 47, 22, 25, 32, 5, 3
2019/8/8, 70, 17, 21, 39, 5, 3
2019/8/9, 61, 13, 23, 30, , 2
2019/8/10, 52, 11, 17, 21, 5, 1
2019/8/11, 44, 14, 22, 26, , 2
2019/8/12, 49, 12, 25, 37, , 3
2019/8/13, 47, 10, 199, 30, , 2
2019/8/14, 41, 6, 18, 20, 5, 2
2019/8/15, 22, 9, 32, 23, 4, 3
2019/8/16, 36, 18, 55, 23, , 3
2019/8/17, 65, 12, 42, 21, 5, 3
2019/8/18, 52, 15, 32, 34, 4, 4
2019/8/19, 57, 21, 19, 30, 4, 4
2019/8/20, 67, 26, 38, 60, 8, 6
2019/8/21, 76, 20, 58, 29, 4, 4
2019/8/22, 76, 16, 61, 28, 5, 4
2019/8/23, 63, 11, 31, 30, 5, 5
2019/8/24, 43, 12, 48, 23, 4, 4
2019/8/25, 51, 13, 36, 38, 4, 5
2019/8/26, 55, 19, 43, 38, , 4
2019/8/27, 62, 35, 53, 34, 4, 3
2019/8/28, 72, 31, 43, 32, 4, 4
2019/8/29, 66, 22, 28, 28, 4, 4
2019/8/30, 41, 20, 34, 26, 4, 4
2019/8/31, 39, 22, 37, 27, 5, 4
2019/9/1, 52, 30, 28, 37, 5, 5
2019/9/2, 56, 26, 28, 33, 5, 4
2019/9/3, 50, 11, 31, 29, 5, 3
2019/9/4, 22, 14, 25, 23, 4, 3
2019/9/5, 24, 21, 40, 23, 5, 3
2019/9/6, 39, 20, 32, 12, 4, 2
2019/9/7, 25, 35, 36, 21, 5, 3
2019/9/8, 65, 39, 19, 31, 5, 5
2019/9/9, 75, 16, 33, 31, 5, 3
2019/9/10, 40, 11, 28, 29, 5, 3
2019/9/11, 19, 13, 18, 19, 4, 3
2019/9/12, 23, 15, 20, 23, 4, 3
2019/9/13, 24, 21, 19, 23, 5, 4
2019/9/14, 44, 17, 24, 18, 4, 3
2019/9/15, 37, 16, 17, 25, 5, 3
2019/9/16, 29, 23, 22, 35, 5, 4
2019/9/17, 44, 34, 23, 28, 6, 4
2019/9/18, 51, 32, 23, 24, 5, 4
2019/9/19, 45, 27, 7, 29, , 4
2019/9/20, 43, 22, 8, 27, 5, 4
2019/9/21, 37, 10, 25, 19, 4, 3
2019/9/22, 22, 16, 27, 22, 5, 2
2019/9/23, 26, 24, 24, 28, 6, 4
2019/9/24, 42, 30, 19, 36, 5, 4
2019/9/25, 54, 32, 16, 32, 5, 4
2019/9/26, 58, 26, 14, 31, 5, 4
2019/9/27, 50, 32, 22, 33, 5, 4
2019/9/28, 62, 39, 39, 30, 5, 4
2019/9/29, 77, 43, 31, 43, , 5
2019/9/30, 81, 45, 19, 41, , 5
2019/4/1, 58, 28, 27, 32, 6, 4
2019/4/2, 66, 35, 24, 35, 6, 4
2019/4/3, 88, 31, 25, 34, 6, 3
2019/4/4, 78, 50, 26, 27, , 3
2019/4/5, 76, 51, 16, 40, 6, 5
2019/4/6, 72, 28, 27, 24, , 3
2019/4/7, 56, 32, 28, 29, 6, 3
2019/4/8, 55, 26, 13, 39, 6, 4
2019/4/9, 52, 8, 20, 31, 6, 3
2019/4/10, 19, 21, 22, 29, 6, 3
2019/4/11, 58, 40, 29, 36, 6, 4
2019/4/12, 105, 38, 31, 39, 6, 4
2019/4/13, 108, 36, 32, 29, , 3
2019/4/14, 80, 42, 25, 37, 6, 4
2019/4/15, 66, 42, 22, 44, 6, 4
2019/4/16, 92, 42, 23, 40, 6, 4
2019/4/17, 84, 39, 15, 35, 6, 3
2019/4/18, 79, 36, 16, 33, 5, 3
2019/4/19, 74, 40, 26, 29, 6, 3
2019/4/20, 78, 25, 25, 22, 5, 2
2019/4/21, 69, 67, 28, 39, 6, 3
2019/4/22, 108, 74, 25, 48, 6, 4
2019/4/23, 127, 45, 28, 33, , 3
2019/4/24, 117, 39, 12, 33, 5, 3
2019/4/25, 59, 10, 16, 29, , 2
2019/4/26, 16, 18, 23, 28, , 3
2019/4/27, 39, 17, 32, 26, , 2
2019/4/28, 51, 23, 18, 38, 6, 3
2019/4/29, 60, 33, 27, 33, 6, 3
2019/4/30, 71, 47, 33, 30, , 3
2019/5/1, 84, 48, 26, 33, 6, 3
2019/5/2, 66, 51, 33, 45, 6, 4
2019/5/3, 97, 64, 44, 49, 6, 5
2019/5/4, 147, 53, 50, 34, 5, 4
2019/5/5, 119, 33, 29, 16, 5, 2
2019/5/6, 44, 44, 32, 34, 6, 3
2019/5/7, 68, 46, 40, 35, , 3
2019/5/8, 82, 43, 33, 32, , 3
2019/5/9, 85, 48, 44, 42, 6, 4
2019/5/10, 100, 56, 40, 46, , 4
2019/5/11, 120, 53, 62, 38, 5, 4
2019/5/12, 121, 53, 25, 46, 6, 4
2019/5/13, 126, 39, 33, 39, 6, 3
2019/5/14, 97, 58, 38, 43, 6, 4
2019/5/15, 137, 54, 40, 45, 5, 4
2019/5/16, 121, 50, 30, 50, 6, 3
2019/5/17, 115, 29, 22, 36, 5, 3
2019/5/18, 60, 12, 21, 22, , 2
2019/5/19, 35, 30, 22, 20, 5, 1
2019/5/20, 42, 46, 38, 28, 108, 3
2019/5/21, 58, 50, 42, 34, , 3
2019/5/22, 84, 58, 51, 47, 10, 4
2019/5/23, 118, 64, 90, 51, 4, 5
2019/5/24, 140, 68, 42, 40, 4, 4
2019/5/25, 144, 44, 42, 38, 4, 3
2019/5/26, 89, 22, 22, 28, 4, 2
2019/5/27, 52, 21, 27, 27, 4, 2
2019/5/28, 32, 39, 34, 37, 4, 3
2019/5/29, 66, 44, 44, 37, 5, 4
2019/5/30, 81, 19, 37, 25, , 1
2019/5/31, 42, 29, 39, 30, , 2
2019/6/1, 71, 34, 57, 29, , 3
2019/6/2, 75, 41, 46, 42, 7, 3
2019/6/3, 83, 30, 33, 36, 7, 3
2019/6/4, 69, 44, 43, 38, 6, 3
2019/6/5, 92, 51, 30, 42, 6, 5
2019/6/6, 119, 13, 41, 32, 6, 3
2019/6/7, 27, 23, 41, 34, 7, 3
2019/6/8, 55, 31, 52, 31, 7, 3
2019/6/9, 83, 11, 26, 26, 6, 2
2019/6/10, 18, 13, 30, 31, 7, 3
2019/6/11, 27, 29, 36, 32, 6, 3
2019/6/12, 57, 28, 43, 38, 7, 3
2019/6/13, 68, 30, 38, 37, 6, 3
2019/6/14, 73, 30, 36, 28, 6, 3
2019/6/15, 65, 14, 43, 22, 6, 2
2019/6/16, 35, 20, 38, 29, 8, 2
2019/6/17, 52, 25, 21, 40, 5, 4
2019/6/18, 65, 26, 39, 27, 6, 2
2019/6/19, 74, 24, 45, , 6, 3
2019/6/20, 67, 23, 34, 27, 6, 3
2019/6/21, 62, 12, 29, 32, 6, 3
2019/6/22, 24, 12, 34, 25, 6, 3
2019/6/23, 30, 20, 49, 34, 6, 2
2019/6/24, 54, 26, 51, 39, 6, 3
2019/6/25, 67, 37, 36, 49, 7, 4
2019/6/26, 86, 22, 38, 32, 7, 2
2019/6/27, 57, 39, 35, 40, 7, 3
2019/6/28, 107, 24, 28, 33, 7, 3
2019/6/29, 66, 32, 37, 25, 6, 3
2019/6/30, 82, 34, 44, 29, 6, 3
2019/1/1, 75, 28, 10, 27, 5, 6
2019/1/2, 67, 39, 4, 33, 6, 9
2019/1/3, 84, 47, 3, 36, 6, 10
2019/1/4, 111, 50, 15, 25, 5, 7
2019/1/5, 105, 43, 11, 26, 6, 6
2019/1/6, 73, 45, 9, 31, 6, 9
2019/1/7, 95, 29, 17, 21, 6, 5
2019/1/8, 53, 40, 13, 24, 7, 6
2019/1/9, 60, 49, 6, 30, 7, 8
2019/1/10, 100, 53, 7, 34, 7, 9
2019/1/11, 126, 65, 12, 34, 7, 10
2019/1/12, 153, 72, 14, 34, 7, 11
2019/1/13, 159, 102, 6, 40, 7, 15
2019/1/14, 187, 86, 16, 23, 7, 9
2019/1/15, 141, 42, 14, 19, 6, 4
2019/1/16, 57, 32, 14, 27, 6, 6
2019/1/17, 65, 41, 8, 33, 7, 8
2019/1/18, 91, 67, 8, 35, 8, 11
2019/1/19, 153, 51, 19, 18, 6, 6
2019/1/20, 91, 40, 10, 27, 6, 6
2019/1/21, 70, 51, 10, 31, 7, 8
2019/1/22, 88, 54, 17, 29, 7, 9
2019/1/23, 108, 37, 11, 28, 6, 6
2019/1/24, 63, 43, 17, 25, 7, 7
2019/1/25, 76, 35, 19, 17, 6, 4
2019/1/26, 63, 36, 14, 24, 6, 6
2019/1/27, 72, 55, 17, 23, 6, 4
2019/1/28, 72, 54, 9, 41, 6, 6
2019/1/29, 71, 52, 9, 48, 6, 8
2019/1/30, 97, 56, 13, 29, 6, 5
2019/1/31, 73, 37, 13, 35, 6, 6
2019/2/1, 58, 47, 7, 45, 6, 8
2019/2/2, 99, 32, 15, 37, , 7
2019/2/3, 82, 54, 21, 23, 5, 4
2019/2/4, 100, 57, 16, 37, 7, 6
2019/2/5, 76, 66, 15, 39, 7, 6
2019/2/6, 89, 47, 21, 23, 5, 4
2019/2/7, 85, 27, 20, 26, 6, 5
2019/2/8, 54, 29, 18, 25, 6, 4
2019/2/9, 58, 35, 17, 28, , 5
2019/2/10, 72, 34, 18, 30, 5, 5
2019/2/11, 72, 44, 17, 38, 6, 7
2019/2/12, 95, 36, 22, 30, 6, 5
2019/2/13, 71, 42, 15, 39, 7, 6
2019/2/14, 77, 34, 15, 40, 6, 5
2019/2/15, 88, 49, 24, 26, 6, 7
2019/2/16, 126, 35, 23, 29, 6, 5
2019/2/17, 88, 35, 7, 43, 6, 6
2019/2/18, 80, 33, 8, 41, 6, 6
2019/2/19, 100, 42, 21, 33, 7, 5
2019/2/20, 115, 63, 14, 45, 6, 9
2019/2/21, 159, 58, 17, 44, 6, 8
2019/2/22, 140, 47, 20, 43, 6, 8
2019/2/23, 105, 45, 28, 38, 7, 6
2019/2/24, 114, 60, 22, 41, 6, 7
2019/2/25, 142, 47, 18, 40, 7, 6
2019/2/26, 91, 55, 17, 48, 9, 6
2019/2/27, 123, 65, 27, 48, 7, 7
2019/2/28, 145, 76, 35, 50, 7, 8
2019/3/1, 163, 76, 33, 50, 7, 8
2019/3/2, 163, 72, 34, 46, 7, 8
2019/3/3, 156, 92, 33, 52, 7, 8
2019/3/4, 174, 110, 28, 37, 7, 7
2019/3/5, 202, 88, 25, 46, 7, 7
2019/3/6, 178, 47, 26, 36, 6, 5
2019/3/7, 103, 44, 19, 42, 7, 4
2019/3/8, 90, 38, 13, 48, 8, 5
2019/3/9, 93, 49, 24, 39, 7, 5
2019/3/10, 117, 53, 21, 40, 7, 5
2019/3/11, 121, 56, 24, 29, 5, 4
2019/3/12, 120, 35, 21, 24, , 2
2019/3/13, 47, 33, 19, 34, 6, 4
2019/3/14, 69, 39, 15, 36, 6, 4
2019/3/15, 94, 35, 17, 29, 5, 3
2019/3/16, 89, 29, 25, 26, 6, 3
2019/3/17, 74, 34, 11, 42, 6, 5
2019/3/18, 84, 50, 13, 45, 6, 6
2019/3/19, 74, 71, 8, 50, 6, 7
2019/3/20, 104, 26, 22, 28, , 3
2019/3/21, 74, 35, 23, 22, 5, 2
2019/3/22, 82, 24, 23, 27, 6, 3
2019/3/23, 63, 23, 27, 25, 5, 3
2019/3/24, 60, 38, 26, 38, 6, 4
2019/3/25, 101, 46, 26, 45, 6, 4
2019/3/26, 119, 60, 36, , 6, 5
2019/3/27, 159, 56, 26, 27, , 3
2019/3/28, 137, 34, 29, 28, , 3
2019/3/29, 77, 30, 28, 25, 5, 3
2019/3/30, 84, 38, 26, 18, , 2
2019/3/31, 91, 24, 26, 29, 6, 4
2018/10/1, 39, 24, 23, 24, 4, 5
2018/10/2, 54, 24, 24, 25, 4, 6
2018/10/3, 57, 20, 17, 27, 4, 5
2018/10/4, 49, 12, 14, 27, , 4
2018/10/5, 34, 8, 23, 21, , 4
2018/10/6, 20, 20, 23, 17, 11, 4
2018/10/7, 34, 23, 15, 25, 4, 5
2018/10/8, 37, 24, 11, 25, , 5
2018/10/9, 45, 17, 14, 19, , 4
2018/10/10, 45, 25, 28, 18, 5, 6
2018/10/11, 34, 24, 10, 23, 6, 4
2018/10/12, 50, 27, 16, 26, 6, 4
2018/10/13, 65, 26, 29, 24, 6, 4
2018/10/14, 69, 46, 27, 31, 6, 5
2018/10/15, 101, 51, 15, 31, 6, 5
2018/10/16, 105, 34, 17, 27, 6, 4
2018/10/17, 66, 17, 10, 23, 6, 4
2018/10/18, 41, 18, 16, 24, 6, 4
2018/10/19, 39, 34, 14, 30, 6, 5
2018/10/20, 67, 32, 24, 28, 6, 4
2018/10/21, 69, 41, 18, 36, 7, 5
2018/10/22, 90, 44, 14, 32, 6, 6
2018/10/23, 93, 39, 15, 27, 6, 5
2018/10/24, 65, 35, 14, 29, 6, 5
2018/10/25, 63, 33, 12, 29, 6, 4
2018/10/26, 64, 24, 17, 16, 6, 2
2018/10/27, 21, 12, 12, 23, , 4
2018/10/28, 30, 15, 14, 19, 6, 3
2018/10/29, 30, 21, 12, 19, 7, 4
2018/10/30, 42, 20, 16, 21, 6, 4
2018/10/31, 46, 35, 10, 28, 6, 6
2018/11/1, 71, 38, 12, 33, 7, 7
2018/11/2, 79, 40, 11, 35, 7, 7
2018/11/3, 88, 37, 23, 30, 6, 6
2018/11/4, 85, 47, 9, 35, 6, 7
2018/11/5, 99, 65, 6, 39, 6, 7
2018/11/6, 143, 47, 5, 31, 5, 4
2018/11/7, 111, 7, 8, 25, 4, 2
2018/11/8, 20, 31, 20, 19, 6, 2
2018/11/9, 63, 54, 21, 27, 6, 4
2018/11/10, 128, 50, 10, 24, 6, 4
2018/11/11, 119, 25, 11, 27, 6, 5
2018/11/12, 54, 36, 11, 29, 6, 8
2018/11/13, 76, 31, 13, 29, 6, 8
2018/11/14, 67, 39, 9, 33, 6, 9
2018/11/15, 96, 48, 14, 29, 6, 9
2018/11/16, 117, 31, 13, 23, 6, 8
2018/11/17, 70, 34, 10, 25, 6, 9
2018/11/18, 79, 46, 10, 28, 6, 10
2018/11/19, 96, 42, 10, 31, 7, 8
2018/11/20, 69, 31, 8, 29, 6, 8
2018/11/21, 60, 18, 17, 20, 6, 6
2018/11/22, 39, 26, 10, 28, 7, 8
2018/11/23, 53, 21, 6, 27, 6, 8
2018/11/24, 53, 36, 4, 27, 6, 10
2018/11/25, 98, 51, 8, 28, 6, 11
2018/11/26, 123, 76, 5, 28, 6, 11
2018/11/27, 137, 91, 13, 27, 7, 8
2018/11/28, 75, 64, 4, 30, 7, 10
2018/11/29, 73, 56, 7, 31, 6, 9
2018/11/30, 79, 43, 6, 32, 6, 10
2018/12/1, 78, 45, 6, 29, 6, 11
2018/12/2, 83, 39, , 33, 6, 12
2018/12/3, 78, 28, 13, 21, 5, 6
2018/12/4, 56, 24, 16, 20, 5, 4
2018/12/5, 48, 33, 13, 21, 6, 4
2018/12/6, 60, 15, 19, 14, , 3
2018/12/7, 28, 18, 17, 15, 6, 3
2018/12/8, 35, 21, 18, 19, 6, 4
2018/12/9, 46, 34, 8, 30, 6, 7
2018/12/10, 68, 39, 5, 31, 6, 7
2018/12/11, 82, 40, 15, 25, 7, 5
2018/12/12, 75, 34, 15, 26, 6, 6
2018/12/13, 75, 29, 8, 26, 5, 6
2018/12/14, 65, 48, 4, 31, 5, 10
2018/12/15, 106, 44, 3, 31, , 8
2018/12/16, 114, 55, 10, 26, 5, 7
2018/12/17, 118, 39, 7, 33, 7, 8
2018/12/18, 84, 42, 9, 35, 6, 9
2018/12/19, 88, 47, 6, 35, 7, 9
2018/12/20, 103, 55, 3, 37, 7, 10
2018/12/21, 121, 63, 8, 40, 7, 11
2018/12/22, 153, 45, 19, 22, 6, 6
2018/12/23, 94, 20, 14, 18, 6, 5
2018/12/24, 42, 29, 4, , 6, 6
2018/12/25, 70, 37, 14, , 6, 5
2018/12/26, 71, 22, 18, 15, 6, 3
2018/12/27, 29, 26, 14, 16, 6, 4
2018/12/28, 43, 29, 16, 16, 6, 3
2018/12/29, 29, 28, 11, 23, 6, 6
2018/12/30, 58, , , , , 
2018/7/1, 16, 6, 20, 37, 4, 5
2018/7/2, 19, 6, 20, 27, , 5
2018/7/3, 12, 8, 29, 30, , 4
2018/7/4, 13, 3, 18, 27, , 5
2018/7/5, 26, , 11, 24, , 4
2018/7/7, 9, , 20, 21, , 4
2018/7/8, 11, , 11, 19, 2, 5
2018/7/9, 13, 18, 19, 25, 2, 4
2018/7/10, 46, 11, 24, 22, 2, 5
2018/7/11, 53, 12, 28, 17, 2, 4
2018/7/12, 48, 22, 28, 23, 2, 3
2018/7/13, 44, 20, 29, 22, 2, 2
2018/7/14, 49, 23, 37, 23, 2, 3
2018/7/15, 58, 29, 34, 28, 4, 3
2018/7/16, 66, 29, 20, 25, 4, 3
2018/7/17, 71, 36, 27, 30, 4, 3
2018/7/18, 80, 31, 24, 29, 3, 3
2018/7/19, 70, 40, 53, 45, 3, 4
2018/7/20, 80, 37, 44, 43, 4, 4
2018/7/21, 74, 32, 39, 34, , 4
2018/7/22, 65, 35, 29, 34, 4, 3
2018/7/23, 67, 41, 53, 42, , 4
2018/7/24, 86, 32, 26, 25, , 2
2018/7/25, 69, 43, 27, 35, 4, 4
2018/7/26, 78, 43, 42, 34, 5, 4
2018/7/27, 84, 35, 36, 26, 12, 4
2018/7/28, 73, 21, 15, 26, 4, 3
2018/7/29, 49, 14, 14, 27, 4, 3
2018/7/30, 28, 20, 28, 35, 4, 3
2018/7/31, 39, 32, 39, 40, 5, 4
2018/8/1, 57, 42, 61, 44, 5, 5
2018/8/2, 79, 46, 51, 39, 4, 3
2018/8/3, 90, 29, 27, 27, , 2
2018/8/4, 63, 25, 19, 16, 4, 
2018/8/5, 55, 30, 20, 29, 4, 2
2018/8/6, 60, 21, 29, 32, 6, 2
2018/8/7, 45, 28, 17, 28, 5, 2
2018/8/8, 61, 23, 18, 25, 4, 2
2018/8/9, 53, 17, 26, 21, 5, 6
2018/8/10, 40, 13, 21, 26, 1, 3
2018/8/11, 28, 17, 26, 21, 1, 2
2018/8/12, 39, 36, 24, 26, 1, 3
2018/8/13, 69, 34, 22, 32, 1, 3
2018/8/14, 65, 34, 32, 27, 1, 2
2018/8/15, 63, 22, 15, 22, , 2
2018/8/16, 41, 18, 18, 21, , 2
2018/8/17, 26, 19, 27, 23, 1, 3
2018/8/18, 31, 25, 41, 24, , 3
2018/8/19, 44, 37, 30, 33, 4, 3
2018/8/20, 64, 33, 23, 23, 4, 3
2018/8/21, 52, 27, 21, 30, 4, 3
2018/8/22, 50, 21, 10, 17, 5, 2
2018/8/23, 39, 10, 16, 15, 4, 2
2018/8/24, 21, 24, 31, 18, 4, 3
2018/8/25, 47, 21, 25, 20, 4, 3
2018/8/26, 45, 11, 21, 14, 4, 7
2018/8/27, 29, 13, 43, 8, 1, 13
2018/8/28, 23, 15, 25, 20, 2, 3
2018/8/29, 34, 25, 27, 24, , 4
2018/8/30, 54, 26, 25, 28, , 4
2018/8/31, 57, 21, 14, 23, 2, 4
2018/9/1, 44, 15, 21, 20, , 3
2018/9/2, 30, 17, 13, 24, , 4
2018/9/3, 39, 17, 18, 23, 4, 4
2018/9/4, 37, 27, 27, 23, 5, 3
2018/9/5, 47, 27, 36, 27, 5, 5
2018/9/6, 52, 22, 31, 22, 5, 4
2018/9/7, 42, 25, 20, 24, 31, 5
2018/9/8, 47, 21, 30, 22, 74, 4
2018/9/9, 44, 14, 17, 23, 1, 4
2018/9/10, 29, 15, 14, 22, 1, 4
2018/9/11, 32, 16, 19, 26, 1, 4
2018/9/12, 33, 22, 12, 29, 1, 4
2018/9/13, 46, 20, 10, 27, 1, 4
2018/9/14, 46, 14, 13, 23, , 3
2018/9/15, 31, 27, 30, 18, , 4
2018/9/16, 65, 24, 23, 25, , 4
2018/9/17, 57, 31, 18, 31, 1, 5
2018/9/18, 61, 35, 15, 33, 1, 6
2018/9/19, 69, 15, 13, 27, 1, 5
2018/9/20, 38, 10, 16, 25, 2, 6
2018/9/21, 24, 28, 27, , 4, 4
2018/9/22, 42, 27, 30, 19, 4, 4
2018/9/23, 42, 15, 20, 17, 4, 4
2018/9/24, 31, 15, 18, 17, 4, 4
2018/9/25, 36, 10, 18, 17, , 4
2018/9/26, 26, 12, 17, 22, , 4
2018/9/27, 30, 17, 11, 24, , 5
2018/9/28, 33, 16, 19, 23, 4, 5
2018/9/29, 41, 19, 25, 18, 4, 3
2018/9/30, 44, 18, 21, 16, 4, 4
2018/4/1, 114, 62, 25, 27, 7, 5
2018/4/2, 102, 65, 15, 31, 6, 5
2018/4/3, 78, 19, 18, 27, 5, 5
2018/4/4, 35, 9, 16, 29, 5, 5
2018/4/5, 29, 82, 20, 26, 5, 5
2018/4/6, 86, 49, 24, 24, 5, 5
2018/4/7, 82, 30, 25, 28, 6, 5
2018/4/8, 59, 32, 16, 38, 5, 7
2018/4/9, 73, 48, 31, 29, 6, 6
2018/4/10, 64, 54, 30, 25, 6, 5
2018/4/11, 85, 42, 26, 35, 7, 6
2018/4/12, 61, 39, 17, 44, 6, 7
2018/4/13, 62, 23, 22, 30, 4, 5
2018/4/14, 52, 61, 27, 23, 5, 5
2018/4/15, 74, 39, 25, 33, 6, 6
2018/4/16, 77, 55, 30, 40, 6, 6
2018/4/17, 90, 63, 34, 44, 5, 5
2018/4/18, 95, 71, 45, 50, 7, 6
2018/4/19, 117, 78, 52, 57, 8, 7
2018/4/20, 136, 59, 30, 52, 6, 8
2018/4/21, 108, 41, 21, 38, 4, 5
2018/4/22, 77, 12, 32, 35, , 4
2018/4/23, 37, 15, 22, 38, , 4
2018/4/24, 35, 37, 30, 40, 4, 5
2018/4/25, 82, 47, 36, 40, 5, 6
2018/4/26, 95, 44, 39, 40, 6, 5
2018/4/27, 97, 48, 31, 43, 5, 6
2018/4/28, 98, 46, 53, 37, 6, 5
2018/4/29, 89, 61, 37, 47, 6, 6
2018/4/30, 141, 55, 29, 37, 4, 6
2018/5/1, 130, 37, 20, 32, , 6
2018/5/2, 97, 22, 25, 26, , 4
2018/5/3, 48, 42, 32, 30, 5, 4
2018/5/4, 64, 40, 52, 33, 6, 5
2018/5/5, 71, 17, 37, 27, , 4
2018/5/6, 47, 35, 27, 31, 5, 5
2018/5/7, 70, 23, 26, 35, 4, 5
2018/5/8, 42, 22, 28, 31, , 4
2018/5/9, 40, 45, 37, 32, 6, 4
2018/5/10, 73, 45, 35, 38, 5, 5
2018/5/11, 92, 28, 11, 46, 4, 6
2018/5/12, 62, 20, 28, 22, 5, 4
2018/5/13, 54, 50, 39, 40, 5, 7
2018/5/14, 114, 61, 42, 45, 5, 8
2018/5/15, 136, 35, 15, 31, 4, 5
2018/5/16, 86, 16, 17, 31, 4, 5
2018/5/17, 44, 12, 10, 25, , 5
2018/5/18, 31, 16, 19, 30, , 5
2018/5/19, 33, 19, 17, 33, , 7
2018/5/20, 42, 22, 24, 36, 4, 4
2018/5/21, 48, 36, 25, 33, 5, 5
2018/5/22, 81, 38, 29, 28, , 4
2018/5/23, 45, 74, 40, 37, 7, 5
2018/5/24, 91, 73, 42, 45, 6, 6
2018/5/25, 108, 66, 72, 50, 5, 7
2018/5/26, 114, 61, 45, 36, 6, 5
2018/5/27, 102, 49, 42, 39, 5, 4
2018/5/28, 83, 42, 30, 32, 7, 4
2018/5/29, 95, 42, 27, 32, 4, 4
2018/5/30, 78, 39, 31, 32, 5, 4
2018/5/31, 77, 43, 33, 43, 5, 5
2018/6/1, 81, 40, 35, 42, 5, 5
2018/6/2, 80, 34, 39, 38, 4, 4
2018/6/3, 75, 44, 28, 43, 7, 7
2018/6/4, 92, 44, 45, 35, 6, 4
2018/6/5, 106, 46, 37, 33, 6, 4
2018/6/6, 115, 42, 32, 31, 5, 4
2018/6/7, 100, 27, 25, 24, 4, 4
2018/6/8, 70, , 27, 25, 4, 5
2018/6/10, 5, 11, 18, 14, 4, 4
2018/6/11, 20, 16, 24, 17, 4, 4
2018/6/12, 25, 20, 33, 26, 5, 5
2018/6/13, 59, 18, 18, 23, 4, 5
2018/6/14, 60, 9, 10, 20, 4, 5
2018/6/15, 39, 9, 35, 21, , 4
2018/6/16, 26, 23, 41, 29, , 5
2018/6/17, 77, 27, 40, 35, 6, 5
2018/6/18, 73, 25, 34, 35, 7, 8
2018/6/19, 67, 26, 29, 28, 5, 4
2018/6/20, 71, 22, 29, 28, 4, 4
2018/6/21, 59, 27, 42, 37, 5, 5
2018/6/22, 62, 20, 40, 38, 7, 5
2018/6/23, 50, 33, 60, 25, 6, 5
2018/6/24, 90, 35, 48, 51, 5, 6
2018/6/25, 83, 31, 40, 39, 6, 6
2018/6/26, 92, 15, 36, 27, 5, 5
2018/6/27, 52, 10, 26, 31, 4, 5
2018/6/28, 42, 14, 43, 36, 4, 5
2018/6/29, 54, 24, 29, 40, 4, 7
2018/6/30, 88, 8, 15, 27, 4, 4
2018/2/25, 91, 38, 20, 32, 6, 6
2018/2/26, 117, 52, 9, 49, 9, 8
2018/2/27, 149, 73, , 62, 11, 14
2018/2/28, 108, 53, 6, 44, 7, 10
2018/3/1, 95, 36, 25, 23, 5, 6
2018/3/2, 104, 56, 22, 38, 8, 7
2018/3/3, 100, 54, 14, 42, 7, 7
2018/3/4, 61, 35, 11, 34, 6, 7
2018/3/5, 52, 15, 24, 29, 4, 5
2018/3/6, 64, 32, 18, 35, 6, 6
2018/3/7, 65, 33, 13, 36, 5, 6
2018/3/8, 76, 29, 19, 28, 5, 6
2018/3/9, 94, 42, 15, 35, 6, 6
2018/3/10, 101, 48, 18, 37, 6, 8
2018/3/11, 106, 48, 26, 31, 6, 6
2018/3/12, 126, 67, 19, 49, 8, 8
2018/3/13, 113, 59, 26, 41, 6, 8
2018/3/14, 54, 29, 18, 32, 6, 5
2018/3/15, 57, 21, 12, 30, 5, 5
2018/3/16, 25, 18, 21, 28, 5, 5
2018/3/17, 56, 30, 15, 36, 5, 6
2018/3/18, 97, 47, 10, 43, 7, 7
2018/3/19, 62, 30, 14, 35, 5, 6
2018/3/20, 41, 27, 23, 29, 4, 4
2018/3/21, 34, 17, 24, 31, 4, 4
2018/3/22, 82, 40, 22, 34, 7, 6
2018/3/23, 124, 56, 27, 43, 7, 8
2018/3/24, 161, 79, 30, 49, 8, 9
2018/3/25, 168, 84, 35, 36, 8, 9
2018/3/26, 145, 78, 26, 51, 7, 9
2018/3/27, 141, 71, 35, 47, 7, 9
2018/3/28, 115, 53, 28, 38, 7, 8
2018/3/29, 105, 59, 22, 34, 6, 6
2018/3/30, 118, 59, 28, 37, 6, 6
2018/3/31, 104, 54, 28, 38, 7, 6
2016/10/1, 90, 31, 8, 34, 5, 6
2016/10/2, 64, 18, 17, 32, , 5
2016/10/3, 37, 34, 12, 40, , 6
2016/10/4, 64, 32, 17, 37, 5, 6
2016/10/5, 55, 47, 24, 37, 6, 7
2016/10/6, 76, 31, 10, 38, , 7
2016/10/7, 57, 24, 21, 33, 5, 5
2016/10/8, 46, 20, 19, 24, 5, 5
2016/10/9, 33, 32, 17, 34, 6, 6
2016/10/10, 40, 43, 15, 46, 6, 7
2016/10/11, 95, 54, 21, 41, 6, 7
2016/10/12, 100, 47, 12, 46, 6, 8
2016/10/13, 80, 63, 12, 52, 7, 10
2016/10/14, 115, 69, 19, 52, 6, 10
2016/10/15, 143, 54, 7, 40, 6, 8
2016/10/16, 110, 50, 20, 37, 5, 8
2016/10/17, 96, 51, 16, 39, 5, 8
2016/10/18, 89, 58, 25, 51, 6, 8
2016/10/19, 112, 59, 21, 49, 6, 9
2016/10/20, 118, 25, 16, 36, 5, 6
2016/10/21, 51, 34, 14, 37, 5, 6
2016/10/22, 64, 15, 17, 30, 4, 5
2016/10/23, 26, 22, 13, 32, 5, 6
2016/10/24, 42, 19, 11, 31, 5, 6
2016/10/25, 42, 40, 5, 28, 5, 10
2016/10/26, 68, 49, 7, 29, , 9
2016/10/27, 81, 43, 14, 31, 6, 7
2016/10/28, 68, 36, 18, 29, 6, 5
2016/10/29, 57, 34, 5, 29, 4, 6
2016/10/30, 17, 33, 8, 33, 6, 6
2016/10/31, 59, 25, 15, 30, 5, 5
2016/11/1, 18, 46, 9, 40, 6, 7
2016/11/2, 67, 43, 10, 44, 7, 8
2016/11/3, 82, 59, 18, 47, 7, 8
2016/11/4, 106, 64, 26, 48, 7, 8
2016/11/5, 125, 33, 13, 35, 6, 7
2016/11/6, 61, 34, 11, 35, 7, 6
2016/11/7, 65, 56, 17, 30, 6, 6
2016/11/8, 113, 42, 15, 33, 6, 6
2016/11/9, 69, 49, 3, 37, 6, 9
2016/11/10, 92, 45, 12, 39, 5, 7
2016/11/11, 77, 66, 16, 41, 7, 9
2016/11/12, 98, 60, 13, 45, 6, 9
2016/11/13, 99, 56, 4, 37, 6, 10
2016/11/14, 95, 57, 16, 30, 6, 6
2016/11/15, 75, 56, 4, 40, 7, 9
2016/11/16, 89, 68, 6, 42, 8, 11
2016/7/1, 62, 15, 28, 34, 5, 4
2016/7/2, 54, 39, 31, 35, 5, 6
2016/7/3, 86, 29, 15, 46, 5, 6
2016/7/4, 63, 15, 49, 34, 5, 6
2016/7/5, 56, 19, 24, 38, 5, 5
2016/7/6, 41, 40, 28, 53, 6, 8
2016/7/7, 89, 52, 36, 58, 5, 8
2016/7/8, 114, 41, 15, 50, 5, 8
2016/7/9, 67, 38, 38, 42, 6, 6
2016/7/10, 70, 51, 39, 54, 5, 8
2016/7/11, 108, 41, 40, 51, 7, 7
2016/7/12, 97, 37, 21, 40, 5, 6
2016/7/13, 78, 29, 26, 46, 5, 6
2016/7/14, 67, 24, 17, 45, 4, 7
2016/7/15, 48, 14, 15, 32, 4, 7
2016/7/16, 29, 15, 20, 23, 8, 4
2016/7/17, 41, 28, 17, 36, 6, 6
2016/7/18, 69, 37, 31, 50, 4, 7
2016/7/19, 75, 40, 28, 59, 5, 8
2016/7/20, 76, 33, 20, 53, 5, 7
2016/7/21, 67, 40, 28, 62, 5, 8
2016/7/22, 78, 44, 64, 50, 4, 7
2016/7/23, 88, 36, 32, 32, 4, 6
2016/7/27, 79, 46, 31, 40, 5, 7
2016/7/28, 144, 41, 14, 50, , 10
2016/7/29, 92, 40, 30, 44, , 7
2016/7/30, 93, 40, 18, 33, 6, 7
2016/7/31, 90, 38, 12, 39, 5, 7
2016/8/1, 81, 32, 11, 36, 5, 7
2016/8/2, 64, 31, 25, 42, 5, 6
2016/8/3, 66, 34, 21, 43, 6, 7
2016/8/4, 69, 41, 35, 59, 6, 8
2016/8/5, 74, 55, 49, 65, 5, 9
2016/8/6, 102, 47, 40, 46, 5, 7
2016/8/7, 114, 42, 23, 45, 6, 7
2016/8/8, 76, 33, 29, 47, 5, 5
2016/8/9, 62, 50, 32, 54, 6, 5
2016/8/10, 107, 39, 21, 42, 6, 5
2016/8/11, 76, 45, 27, 47, 6, 5
2016/8/12, 78, 40, 22, 32, 6, 4
2016/8/13, 73, 40, 14, 27, , 3
2016/8/14, 85, 42, 24, 37, 6, 4
2016/8/15, 80, 51, 33, 54, 6, 6
2016/8/16, 94, 47, 26, 53, 6, 5
2016/8/17, 89, 56, 28, 67, 6, 6
2016/8/18, 110, 63, 25, 71, 6, 6
2016/8/19, 126, 44, 26, 60, , 6
2016/8/20, 62, 30, 37, 46, , 5
2016/8/21, 50, 36, 34, 59, , 5
2016/8/22, 57, 38, 22, 58, , 6
2016/8/23, 72, 39, 26, 66, 6, 7
2016/8/24, 83, 41, 23, 55, 6, 7
2016/8/25, 78, 23, 18, 44, , 6
2016/8/26, 36, 19, 16, 44, 5, 6
2016/8/27, 34, 15, 18, 30, 4, 5
2016/8/28, 27, 21, 13, 36, 5, 5
2016/8/29, 37, 35, 14, 36, 4, 6
2016/8/30, 45, 18, 15, 29, 5, 4
2016/8/31, 30, 55, 48, 49, 7, 8
2016/9/1, 84, 43, 26, 62, 6, 8
2016/9/2, 63, 26, 21, 51, 5, 8
2016/9/3, 53, 28, 22, 41, , 8
2016/9/4, 40, 36, 23, 49, 6, 7
2016/9/5, 50, 43, 4, 44, , 9
2016/9/6, 84, 30, 26, 69, 1, 9
2016/9/7, 134, 53, 19, 54, 6, 9
2016/9/8, 91, 48, 23, 53, 6, 8
2016/9/9, 86, 45, 26, 55, , 9
2016/9/10, 80, 39, 25, 50, 6, 8
2016/9/11, 79, 35, 12, 46, , 8
2016/9/12, 64, 21, 17, 42, , 7
2016/9/13, 40, 36, 31, 44, 6, 7
2016/9/14, 64, 43, 24, 45, 5, 8
2016/9/15, 85, 48, 39, 41, 9, 7
2016/9/16, 97, 35, 21, 40, 6, 7
2016/9/17, 71, 29, 24, 35, , 6
2016/9/18, 57, 21, 16, 39, 5, 6
2016/9/19, 37, 22, 16, 44, 5, 6
2016/9/20, 43, 40, 18, 48, 5, 7
2016/9/21, 85, 44, 24, 50, 5, 7
2016/9/22, 91, 52, 29, 59, 6, 8
2016/9/23, 104, 57, 36, 70, 7, 9
2016/9/24, 123, 56, 31, 59, 6, 8
2016/9/25, 128, 48, 14, 62, 6, 9
2016/9/26, 96, 41, 6, 50, 6, 9
2016/9/27, 84, 40, 6, 45, , 9
2016/9/28, 86, 18, 8, 37, , 7
2016/9/29, 37, 32, 8, 41, 5, 7
2016/9/30, 62, 46, 13, 42, , 8
2016/4/1, 98, 64, 40, 68, 10, 9
2016/4/2, 114, 50, 23, 44, 6, 7
2016/4/3, 106, 28, 20, 42, 6, 6
2016/4/4, 49, 52, 23, 59, 9, 7
2016/4/5, 79, 60, 25, 67, 11, 8
2016/4/6, 105, 42, 28, 49, 7, 7
2016/4/7, 80, 59, 25, 49, 8, 6
2016/4/8, 106, 80, 11, 55, 8, 9
2016/4/9, 138, 93, 39, 45, 9, 10
2016/4/10, 156, 44, 25, 45, 6, 6
2016/4/11, 69, 50, 21, 56, 6, 7
2016/4/12, 82, 54, 22, 53, 6, 7
2016/4/13, 96, 50, 19, 46, 6, 6
2016/4/14, 90, 52, 28, 54, 7, 7
2016/4/15, 86, 53, 18, 65, 6, 7
2016/4/16, 90, 36, 30, 28, 7, 5
2016/4/17, 65, 56, 29, 38, 7, 5
2016/4/18, 74, 43, 26, 40, 6, 5
2016/4/19, 70, 58, 25, 54, 7, 6
2016/4/20, 93, 31, 20, 54, 5, 
2016/4/21, 66, 63, 24, 49, 5, 8
2016/4/22, 123, 118, 22, 43, 5, 7
2016/4/23, 122, 111, 29, 45, 5, 6
2016/4/24, 87, 66, 24, 60, 5, 6
2016/4/25, 81, 67, 30, 66, 6, 7
2016/4/26, 98, 54, 28, 58, 4, 6
2016/4/27, 70, 53, 30, 50, 5, 5
2016/4/28, 72, 56, 31, 53, 6, 6
2016/4/29, 88, 66, 52, 49, 9, 6
2016/4/30, 114, 48, 40, 46, 6, 6
2016/5/1, 80, 49, 27, 50, 5, 6
2016/5/2, 89, 20, 21, 29, , 4
2016/5/3, 41, 46, 28, 31, 5, 3
2016/5/4, 48, 49, 30, 49, 5, 6
2016/5/5, 69, 46, 16, 48, 4, 6
2016/5/6, 79, 114, 23, 40, 5, 5
2016/5/7, 82, 52, 37, 40, 5, 5
2016/5/8, 65, 57, 25, 60, 5, 6
2016/5/9, 73, 38, 27, 48, 5, 6
2016/5/10, 64, 32, 33, 39, 5, 4
2016/5/11, 56, 34, 33, 45, 5, 5
2016/5/12, 58, 36, 34, 43, 5, 5
2016/5/13, 71, 40, 35, 52, 5, 6
2016/5/14, 69, 38, 30, 38, 5, 5
2016/5/15, 73, 30, 30, 38, 6, 5
2016/5/16, 60, 60, 33, 62, 9, 7
2016/5/17, 107, 52, 34, 68, 7, 7
2016/5/18, 96, 46, 32, 63, 5, 6
2016/5/19, 80, 43, 35, 67, 5, 6
2016/5/20, 75, 44, 30, 69, 4, 7
2016/5/21, 89, 53, 38, 63, 6, 8
2016/5/22, 110, 62, 42, 70, 7, 6
2016/5/23, 131, 35, 31, 40, 4, 4
2016/5/24, 79, 70, 44, 36, 5, 6
2016/5/25, 145, 81, 32, 56, 9, 8
2016/5/26, 165, 72, 37, 55, 5, 8
2016/5/27, 150, 62, 40, 52, 7, 7
2016/5/28, 124, 63, 46, 48, 7, 6
2016/5/29, 117, 68, 41, 63, 6, 7
2016/5/30, 137, 71, 36, 51, 7, 7
2016/5/31, 135, 43, 29, 48, 5, 7
2016/6/1, 71, 36, 35, 52, 5, 6
2016/6/2, 65, 49, 37, 61, 5, 7
2016/6/3, 91, 54, 30, 56, 5, 7
2016/6/4, 97, 49, 45, 44, 5, 6
2016/6/5, 94, 30, 30, 50, 5, 6
2016/6/6, 62, 37, 28, 45, 6, 6
2016/6/7, 80, 39, 25, 42, 5, 5
2016/6/8, 81, 46, 32, 48, 4, 6
2016/6/9, 89, 56, 38, 59, 7, 7
2016/6/10, 112, 48, 21, 40, 5, 6
2016/6/11, 99, 28, 19, 25, 4, 4
2016/6/12, 67, 52, 27, 40, 4, 7
2016/6/13, 102, 52, 41, 48, 6, 7
2016/6/14, 101, 34, 18, 42, 4, 6
2016/6/15, 73, 28, 28, 37, 5, 5
2016/6/16, 65, 50, 42, 46, 6, 7
2016/6/17, 108, 56, 48, 54, 6, 9
2016/6/18, 125, 42, 33, 46, 4, 7
2016/6/19, 96, 44, 29, 59, 5, 7
2016/6/20, 100, 56, 61, 63, 5, 8
2016/6/21, 122, 62, 33, 66, 4, 9
2016/6/22, 124, 41, 37, 48, 5, 7
2016/6/23, 88, 41, 22, 51, 4, 7
2016/6/24, 82, 28, 26, 40, 5, 6
2016/6/25, 59, 32, 31, 38, 5, 6
2016/6/26, 62, 39, 22, 62, 7, 8
2016/6/27, 81, 53, 38, 61, 6, 8
2016/6/28, 112, 45, 33, 57, 6, 7
2016/6/29, 96, 28, 25, 34, 4, 4
2016/6/30, 67, 24, 27, 37, 4, 5
2016/1/4, 41, 32, 13, 39, 8, 7
2016/1/5, 48, 53, 5, 50, 10, 10
2016/1/6, 87, 44, 12, 42, 8, 9
2016/1/7, 71, 40, 10, 45, 9, 8
2016/1/8, 66, 44, 10, 46, 8, 10
2016/1/9, 74, 32, 18, 41, 9, 7
2016/1/10, 61, 41, 15, 42, 8, 7
2016/1/11, 60, 53, 14, 46, 9, 9
2016/1/12, 78, 44, 9, 45, 8, 8
2016/1/13, 76, 48, 9, 48, 8, 8
2016/1/14, 79, 53, 6, 59, 10, 12
2016/1/15, 92, 64, 3, 55, 8, 12
2016/1/16, 120, 66, 4, 53, 7, 12
2016/1/17, 131, 49, 15, 36, 7, 8
2016/1/18, 81, 36, 15, 31, 7, 5
2016/1/19, 49, 43, 9, 50, 8, 8
2016/1/20, 74, 54, 7, 55, 9, 10
2016/1/21, 96, 55, 7, 55, 9, 10
2016/1/22, 91, 33, 16, 32, 9, 6
2016/1/23, 49, 38, 16, 30, 9, 5
2016/1/24, 60, 45, 11, 51, 8, 8
2016/1/25, 61, 65, 3, 62, 11, 11
2016/1/26, 100, 59, 10, 57, 11, 10
2016/1/27, 91, 56, 5, 63, 9, 13
2016/1/28, 94, 50, 3, 62, 10, 12
2016/1/29, 86, 37, 11, 52, 7, 10
2016/1/30, 70, 41, 16, 37, 7, 7
2016/1/31, 58, 43, 18, 44, 8, 7
2016/2/1, 58, 49, 12, 56, 9, 9
2016/2/2, 75, 57, 17, 69, 9, 11
2016/2/3, 95, 56, 12, 60, 9, 13
2016/2/4, 97, 46, 13, 53, 8, 8
2016/2/5, 64, 49, 16, 43, 9, 8
2016/2/6, 73, 49, 12, 46, 8, 8
2016/2/7, 75, 55, 22, 43, 10, 9
2016/2/8, 103, 50, 22, 31, 9, 6
2016/2/9, 77, 40, 11, 49, 7, 9
2016/2/10, 67, 50, 5, 63, 9, 11
2016/2/11, 86, 40, 5, 63, 7, 10
2016/2/12, 73, 22, 4, 51, 6, 11
2016/2/13, 55, 26, 15, 25, 5, 5
2016/2/14, 42, 34, 18, 37, 6, 5
2016/2/15, 43, 31, 16, 52, 6, 7
2016/2/16, 58, 40, 13, 44, 7, 7
2016/2/17, 64, 46, 23, 38, 8, 10
2016/2/18, 77, 71, 11, 41, 10, 13
2016/2/19, 118, 52, 18, 37, 8, 9
2016/2/20, 79, 29, 21, 27, 7, 5
2016/2/21, 57, 46, 8, 41, 8, 7
2016/2/22, 61, 48, 17, 36, 8, 8
2016/2/23, 81, 39, 20, 32, 7, 6
2016/2/24, 51, 46, 17, 39, 10, 7
2016/2/25, 80, 48, 19, 42, 9, 8
2016/2/26, 81, 57, 18, 39, 8, 8
2016/2/27, 100, 47, 16, 39, 7, 8
2016/2/28, 79, 53, 23, 28, 7, 5
2016/2/29, 79, 36, 19, 33, 6, 6
2016/3/1, 63, 42, 20, 40, 8, 7
2016/3/2, 77, 51, 18, 43, 8, 8
2016/3/3, 96, 67, 15, 47, 7, 10
2016/3/4, 122, 27, 8, 35, 6, 7
2016/3/5, 47, 64, 20, 28, 7, 6
2016/3/6, 60, 82, 7, 41, 6, 8
2016/3/7, 79, 56, 20, 31, 6, 6
2016/3/8, 52, 46, 20, 27, 7, 6
2016/3/9, 59, 36, 20, 28, 7, 6
2016/3/10, 52, 40, 21, 34, 7, 7
2016/3/11, 74, 47, 19, 35, 7, 7
2016/3/12, 72, 49, 14, 36, 8, 7
2016/3/13, 73, 61, 20, 38, 7, 7
2016/3/14, 117, 54, 21, 42, 9, 7
2016/3/15, 88, 60, 25, 46, 10, 8
2016/3/16, 100, 64, 10, 56, 10, 10
2016/3/17, 106, 60, 19, 52, 9, 10
2016/3/18, 104, 63, 30, 31, 7, 6
2016/3/19, 105, 66, 28, 36, 9, 9
2016/3/20, 113, 73, 28, 44, 9, 9
2016/3/21, 132, 66, 24, 48, 9, 8
2016/3/22, 123, 64, 23, 37, 8, 7
2016/3/23, 114, 39, 21, 35, 6, 6
2016/3/24, 63, 60, 19, 41, 7, 8
2016/3/25, 98, 63, 22, 43, 7, 8
2016/3/26, 113, 61, 35, 38, 8, 8
2016/3/27, 112, 61, 29, 49, 10, 8
2016/3/28, 106, , 41, 48, 10, 8
2016/3/29, 127, 24, 30, 35, 8, 6
2016/3/30, 118, 46, 19, 53, 8, 7
2016/3/31, 69, 61, 28, 72, 9, 8
2015/10/1, 43, 28, 18, 26, 6, 6
2015/10/2, 45, 36, 28, 34, 6, 6
2015/10/3, 56, 29, 18, 33, 6, 7
2015/10/4, 46, 30, 11, 43, 5, 8
2015/10/5, 57, 34, 13, 47, 5, 8
2015/10/6, 64, 44, 10, 52, 5, 9
2015/10/7, 72, 52, 16, 47, 6, 8
2015/10/8, 105, 33, 19, 30, 5, 6
2015/10/9, 37, 28, 13, 38, 5, 8
2015/10/10, 53, 17, 14, 26, 4, 6
2015/10/11, 38, 21, 11, 27, 5, 7
2015/10/12, 42, 28, 18, 34, 5, 7
2015/10/13, 51, 44, 9, 44, 6, 11
2015/10/14, 76, 49, 18, 59, 6, 11
2015/10/15, 95, 57, 19, 72, 7, 12
2015/10/16, 114, 52, 16, 63, 5, 11
2015/10/17, 96, 58, 31, 57, 6, 10
2015/10/18, 117, 76, 17, 65, 8, 12
2015/10/19, 152, 79, 20, 67, 7, 13
2015/10/20, 136, 86, 18, 66, 7, 13
2015/10/21, 158, 69, 6, 54, 6, 11
2015/10/22, 133, 46, 12, 49, 6, 9
2015/10/23, 80, 38, 15, 50, 6, 10
2015/10/24, 71, 33, 19, 45, 6, 9
2015/10/25, 62, 36, 6, 51, 5, 9
2015/10/26, 65, 32, 15, 40, 5, 7
2015/10/27, 46, 36, 16, 40, 5, 7
2015/10/28, 50, 27, 14, 41, 6, 7
2015/10/29, 46, 31, 13, 38, 5, 7
2015/10/30, 43, 37, 12, 43, 6, 9
2015/10/31, 56, 39, 8, 47, 6, 9
2015/11/1, 78, 50, 6, 59, 7, 11
2015/11/2, 91, 64, 9, 66, 8, 13
2015/11/3, 124, 69, 8, 73, 10, 13
2015/11/4, 139, 68, 10, 73, 8, 12
2015/11/5, 140, 56, 9, 59, 7, 10
2015/11/6, 106, 13, 16, 39, 5, 7
2015/11/7, 38, 7, 13, 39, 5, 6
2015/11/8, 23, 13, 9, 40, 5, 7
2015/11/9, 32, 36, 8, 40, 6, 9
2015/11/10, 66, 45, 7, 47, 6, 11
2015/11/11, 78, 28, 7, 51, 6, 10
2015/11/12, 57, 20, 3, 51, 6, 8
2015/11/13, 45, 14, 4, 47, 5, 8
2015/11/14, 43, 22, 9, 37, 8, 8
2015/11/15, 50, 35, 2, 40, 6, 9
2015/11/16, 68, 23, 10, 44, 6, 9
2015/11/17, 52, 16, 10, 43, 5, 7
2015/11/18, 35, 19, 7, 42, 5, 7
2015/11/19, 46, 39, 7, 44, 6, 9
2015/11/20, 68, 51, 8, 52, 7, 12
2015/11/21, 96, 35, 6, 43, 6, 10
2015/11/22, 73, 12, 10, 39, 5, 7
2015/11/23, 37, 25, 12, 38, 6, 8
2015/11/24, 54, 12, 11, 38, 5, 6
2015/11/25, 36, 33, 15, 35, 6, 6
2015/11/26, 69, 46, 13, 42, 7, 8
2015/11/27, 99, 48, 5, 52, 9, 10
2015/11/28, 109, 43, 3, 43, 6, 10
2015/11/29, 94, 39, 9, 43, 8, 9
2015/11/30, 92, 61, 4, 60, 8, 12
2015/12/1, 118, 53, 6, 51, 7, 12
2015/12/2, 96, 19, 13, 28, 6, 5
2015/12/3, 38, 39, 13, 36, 6, 6
2015/12/4, 56, 39, 11, 46, 7, 9
2015/12/5, 62, 41, 11, 46, 8, 10
2015/12/6, 68, 51, 3, 52, 7, 11
2015/12/7, 93, 60, 2, 71, 8, 14
2015/12/8, 109, 67, 3, 71, 9, 15
2015/12/9, 123, 51, 2, 59, 8, 14
2015/12/10, 101, 40, 7, 52, 7, 11
2015/12/11, 62, 40, 9, 55, 7, 10
2015/12/12, 64, 46, 6, 54, 7, 11
2015/12/13, 81, 52, 1, 55, 7, 13
2015/12/14, 94, 50, 8, 44, 8, 10
2015/12/15, 99, 29, 14, 33, 8, 6
2015/12/16, 41, 24, 12, 31, 7, 6
2015/12/17, 38, 49, 2, 48, 8, 12
2015/12/18, 82, 60, 4, 53, 9, 15
2015/12/19, 113, 55, 9, 50, 8, 14
2015/12/20, 103, 50, 2, 54, 8, 13
2015/12/21, 95, 60, 3, 50, 8, 13
2015/12/22, 111, 58, 9, 59, 9, 14
2015/12/23, 108, 74, 7, 55, 10, 15
2015/12/24, 132, 35, 12, 42, 8, 8
2015/12/25, 64, 55, 7, 50, 9, 11
2015/12/26, 99, 29, 16, 31, 7, 7
2015/12/27, 44, 37, 9, 45, 8, 9
2015/12/28, 63, 57, 2, 59, 10, 15
2015/12/29, 101, 59, 8, 59, 9, 15
2015/12/30, 107, , , , , 
2015/7/1, 57, 37, 41, 39, 6, 4
2015/7/2, 79, 40, 25, 49, 5, 5
2015/7/3, 69, 26, 38, 50, 5, 4
2015/7/4, 62, 32, 36, 52, 6, 5
2015/7/5, 69, 24, 37, 44, 5, 4
2015/7/6, 53, 33, 19, 61, 4, 5
2015/7/7, 70, 13, 23, 49, 4, 4
2015/7/8, 28, 11, 20, 47, , 4
2015/7/9, 30, 17, 28, 54, 5, 4
2015/7/10, 44, 25, 35, 64, , 5
2015/7/11, 71, 12, 11, 25, , 3
2015/7/12, 36, 21, 34, 25, 7, 3
2015/7/13, 58, 47, 47, 42, 7, 5
2015/7/14, 96, 39, 22, 60, 6, 7
2015/7/15, 85, 13, 15, 40, 5, 4
2015/7/16, 30, 12, 14, 40, 5, 4
2015/7/17, 28, 23, 24, 45, 5, 5
2015/7/18, 56, 22, 21, 42, 5, 4
2015/7/19, 61, 21, 9, 39, , 5
2015/7/20, 55, 25, 12, 44, , 5
2015/7/21, 63, 33, 21, 55, , 6
2015/7/22, 77, 29, 21, 49, 7, 5
2015/7/23, 66, 12, 15, 40, , 4
2015/7/24, 34, 16, 12, 31, , 2
2015/7/25, 44, 15, 16, 27, 6, 3
2015/7/26, 40, 23, 10, 33, 6, 3
2015/7/27, 57, 30, 26, 42, 6, 4
2015/7/28, 73, 27, 22, 44, 7, 4
2015/7/29, 69, 55, 48, 44, 7, 5
2015/7/30, 122, 49, 44, 45, 8, 4
2015/7/31, 109, 41, 35, 44, 7, 4
2015/8/1, 95, 25, 30, 33, 6, 3
2015/8/2, 65, 24, 24, 30, 8, 3
2015/8/3, 61, 20, 20, 29, 7, 3
2015/8/4, 52, 27, 24, 45, 6, 4
2015/8/5, 72, 32, 28, 57, 7, 5
2015/8/6, 79, 37, 30, 64, 5, 5
2015/8/7, 84, 28, 6, 41, , 5
2015/8/8, 67, , , , , 
2015/8/10, 74, 40, 26, 52, , 6
2015/8/11, 84, 40, 33, 54, 6, 6
2015/8/12, 86, 35, 25, 56, 6, 6
2015/8/13, 77, 32, 29, 53, 6, 6
2015/8/14, 70, 51, 48, 59, 9, 7
2015/8/17, 69, 18, 21, 51, , 5
2015/8/18, 47, 29, 12, 59, 6, 6
2015/8/19, 71, 32, 6, 53, 6, 8
2015/8/20, 71, 31, 18, 41, 5, 7
2015/8/21, 73, 33, 24, 48, 6, 7
2015/8/22, 81, 32, 37, 46, 5, 7
2015/8/23, 74, 28, 13, 44, 4, 7
2015/8/24, 55, 8, 13, 24, , 6
2015/8/25, 23, 9, 15, 29, 5, 5
2015/8/26, 26, 16, 20, 42, 5, 6
2015/8/27, 44, 26, 11, 51, 5, 8
2015/8/28, 63, 30, 24, 52, 5, 8
2015/8/29, 70, 26, 30, 45, 4, 7
2015/8/30, 69, 31, 26, 51, 4, 8
2015/8/31, 76, 24, 20, 44, 5, 7
2015/9/1, 64, 22, 15, 42, 5, 7
2015/9/2, 58, 19, 20, 42, 4, 7
2015/9/3, 52, 30, 20, 44, 5, 7
2015/9/4, 65, 33, 10, 44, 5, 8
2015/9/5, 76, 15, 15, 32, 4, 6
2015/9/6, 41, 15, 14, 35, 5, 6
2015/9/7, 40, 16, 12, 37, 4, 6
2015/9/8, 40, 18, 14, 38, 5, 7
2015/9/9, 45, 26, 17, 37, 4, 6
2015/9/10, 56, 35, 18, 40, 4, 7
2015/9/11, 74, 21, 13, 35, 5, 7
2015/9/12, 51, 20, 21, 30, 4, 6
2015/9/13, 47, 30, 20, 48, 5, 8
2015/9/14, 66, 32, 15, 47, 5, 8
2015/9/15, 66, 19, 16, 41, 4, 7
2015/9/16, 45, 15, 14, 36, 4, 6
2015/9/17, 37, 18, 19, 41, 4, 7
2015/9/18, 44, 29, 17, 41, 5, 7
2015/9/19, 61, 41, 24, 44, 5, 8
2015/9/20, 87, 44, 22, 53, 5, 9
2015/9/21, 98, 44, 4, 46, 5, 8
2015/9/22, 90, 52, 3, 65, 6, 11
2015/9/23, 81, 39, 20, 49, 5, 8
2015/9/24, 75, 37, 22, 53, 5, 8
2015/9/25, 77, 45, 27, 49, 5, 9
2015/9/26, 90, 33, 21, 39, 4, 7
2015/9/27, 62, 29, 24, 37, 5, 7
2015/9/28, 52, 28, 18, 35, 4, 7
2015/9/29, 45, 20, 14, 39, 5, 7
2015/9/30, 41, 18, 13, 32, 4, 7
2015/4/1, 66, 28, 18, 38, 4, 7
2015/4/2, 56, 31, 14, 34, 5, 8
2015/4/3, 55, 23, 19, 40, 4, 7
2015/4/4, 42, 20, 20, 33, , 6
2015/4/5, 45, 46, 16, 37, 5, 7
2015/4/6, 66, 41, 19, 35, 5, 6
2015/4/7, 64, 30, 18, 37, 4, 6
2015/4/8, 61, 51, 18, 52, 7, 8
2015/4/9, 81, 51, 27, 54, 7, 8
2015/4/10, 89, 56, 25, 54, 7, 9
2015/4/11, 87, 48, 29, 51, 6, 7
2015/4/12, 87, 34, 27, 43, 4, 6
2015/4/13, 61, 25, 28, 48, , 7
2015/4/14, 61, 22, 19, 41, 5, 6
2015/4/15, 54, , , , , 
2015/4/20, 56, 42, 21, 46, 6, 8
2015/4/21, 76, 54, 29, 59, 8, 8
2015/4/22, 97, 53, 30, 52, 6, 8
2015/4/23, 107, 52, 36, 48, 8, 7
2015/4/24, 92, 53, 5, 48, 6, 9
2015/4/25, 78, , , , , 
2015/4/27, 72, 38, 24, 58, 6, 7
2015/4/28, 71, 42, 17, 49, 6, 8
2015/4/29, 88, 28, 32, 37, 5, 6
2015/4/30, 63, 36, 39, 49, 6, 7
2015/5/1, 78, 31, 28, 46, 6, 6
2015/5/2, 71, 23, 14, 34, 4, 6
2015/5/3, 58, 37, 22, 32, 5, 5
2015/5/4, 54, 32, 29, 34, 7, 5
2015/5/5, 48, 42, 23, 51, 8, 7
2015/5/6, 64, 39, 26, 50, 6, 7
2015/5/7, 66, 45, 24, 58, 8, 7
2015/5/8, 80, 32, 28, 45, 6, 5
2015/5/9, 63, 35, 29, 36, 5, 5
2015/5/10, 61, 41, 21, 58, 5, 7
2015/5/11, 71, 30, 30, 29, 6, 5
2015/5/12, 53, 49, 39, 37, 7, 6
2015/5/13, 69, 47, 38, 55, 6, 6
2015/5/14, 81, 68, 32, 50, 6, 8
2015/5/15, 121, 43, 35, 53, 6, 7
2015/5/16, 74, 44, 36, 53, 7, 8
2015/5/17, 88, 38, 27, 56, 5, 6
2015/5/18, 71, 43, 30, 38, 5, 6
2015/5/19, 80, 36, 24, 40, 5, 6
2015/5/20, 60, 38, 34, 54, 8, 7
2015/5/21, 69, 44, 34, 59, 10, 7
2015/5/22, 83, 39, 32, 58, 7, 7
2015/5/23, 73, 29, 37, 47, 5, 5
2015/5/24, 61, 36, 36, 56, 6, 6
2015/5/25, 69, 34, 26, 59, 6, 6
2015/5/26, 67, 33, 39, 69, 5, 6
2015/5/27, 63, 39, 47, 71, 7, 6
2015/5/28, 69, 42, 25, 76, 14, 7
2015/5/29, 80, 35, 23, 45, 15, 5
2015/5/30, 71, 33, 34, 46, 20, 6
2015/5/31, 68, 36, 31, 65, 25, 7
2015/6/1, 60, 33, 28, 56, 2, 6
2015/6/2, 69, 34, 24, 43, 4, 5
2015/6/3, 55, 36, 33, 59, 5, 6
2015/6/4, 57, 33, 17, 68, 4, 7
2015/6/5, 63, 30, 47, 49, 4, 5
2015/6/6, 65, 30, 49, 44, 5, 4
2015/6/7, 65, 32, 28, 58, 6, 5
2015/6/8, 69, 37, 34, 42, 4, 3
2015/6/9, 76, 40, 58, 50, 4, 4
2015/6/10, 77, 38, 29, 57, 4, 5
2015/6/11, 75, 37, 41, 43, 6, 4
2015/6/12, 68, 57, 40, 58, 6, 5
2015/6/13, 96, 27, 47, 33, 4, 3
2015/6/14, 60, 34, 35, 53, 3, 4
2015/6/15, 69, 42, 24, 56, 3, 5
2015/6/16, 82, 34, 39, 52, 10, 5
2015/6/17, 71, 25, 27, 53, 4, 4
2015/6/18, 56, 19, 30, 50, 2, 4
2015/6/19, 43, 30, 13, 52, , 6
2015/6/20, 60, 18, 34, 36, 2, 4
2015/6/21, 44, 32, 35, 53, 4, 5
2015/6/22, 67, 28, 37, 47, 6, 4
2015/6/23, 61, 37, 41, 61, 6, 5
2015/6/24, 76, 36, 29, 63, 5, 6
2015/6/25, 76, 15, 27, 41, , 4
2015/6/26, 30, 13, 21, 47, , 4
2015/6/27, 34, 21, 39, 38, 5, 4
2015/6/28, 47, 23, 34, 55, 5, 4
2015/6/29, 57, 27, 25, 55, 4, 4
2015/6/30, 57, 28, 33, 45, 5, 4
2015/1/1, 46, 25, 13, 41, 7, 7
2015/1/2, 53, 35, 5, 55, 9, 10
2015/1/3, 72, 40, 5, 62, 8, 10
2015/1/4, 79, 56, 4, 73, 10, 14
2015/1/5, 116, 35, 15, 41, 7, 7
2015/1/6, 65, 30, 15, 68, 25, 6
2015/1/7, 50, 41, 9, 74, 38, 10
2015/1/8, 82, 49, 5, 75, 9, 12
2015/1/9, 96, 38, 11, 55, 9, 10
2015/1/10, 78, 43, 14, 44, 10, 9
2015/1/11, 77, 40, 16, 53, 9, 9
2015/1/12, 74, 52, 10, 69, 9, 13
2015/1/13, 99, 61, 11, 76, 11, 14
2015/1/14, 123, 56, 7, 71, 10, 12
2015/1/15, 111, 59, 10, 59, 9, 12
2015/1/16, 117, 34, 17, 39, 8, 6
2015/1/17, 69, 32, 10, 51, 7, 9
2015/1/18, 68, 53, 15, 43, 10, 9
2015/1/19, 98, 45, 8, 59, 7, 10
2015/1/20, 85, 56, 4, 71, 9, 13
2015/1/21, 112, 49, 7, 70, 9, 13
2015/1/22, 99, 42, 7, 56, 9, 11
2015/1/23, 91, 50, 9, 66, 9, 12
2015/1/24, 100, 57, 4, 58, 7, 12
2015/1/25, 113, 44, 12, 51, 7, 10
2015/1/26, 90, 45, 19, 41, 9, 8
2015/1/27, 89, 39, 17, 44, 7, 8
2015/1/28, 67, 50, 11, 62, 8, 12
2015/1/29, 96, 38, 15, 44, 9, 7
2015/1/30, 72, 41, 14, 48, 9, 8
2015/1/31, 73, 40, 10, 55, 7, 9
2015/2/1, 76, 43, 16, 67, 7, 11
2015/2/2, 83, 55, 4, 75, 10, 12
2015/2/3, 109, 63, 10, 78, 11, 15
2015/2/4, 131, 68, 15, 63, 11, 14
2015/2/5, 139, 52, 10, 66, 10, 11
2015/2/6, 105, 47, 12, 62, 9, 11
2015/2/7, 89, 59, 21, 26, 5, 4
2015/2/8, 41, 36, 15, 42, 9, 7
2015/2/9, 63, 63, 11, 63, 15, 12
2015/2/10, 115, 56, 15, 61, 9, 8
2015/2/11, 93, 33, 21, 40, 7, 6
2015/2/12, 57, 30, 19, 48, 8, 6
2015/2/13, 61, 51, 3, 74, 8, 12
2015/2/14, 103, 66, 28, 67, 9, 12
2015/2/15, 123, 45, 18, 63, 6, 10
2015/2/16, 90, 51, 16, 48, 7, 9
2015/2/17, 101, 54, 16, 46, 8, 10
2015/2/18, 112, 56, 18, 46, 6, 11
2015/2/19, 120, 49, 18, 50, 6, 10
2015/2/20, 99, 34, 11, 60, 6, 10
2015/2/21, 74, 121, 19, 36, 6, 7
2015/2/22, 72, 374, 17, 39, 6, 7
2015/2/23, 113, 84, 15, 54, 7, 9
2015/2/24, 83, 58, 15, 51, 8, 9
2015/2/25, 81, 36, 20, 39, 7, 6
2015/2/26, 66, 29, 20, 41, 8, 6
2015/2/27, 62, 45, 8, 60, 8, 9
2015/2/28, 81, 63, 19, 42, 7, 7
2015/3/1, 81, 59, 17, 55, 8, 8
2015/3/2, 74, 50, 22, 63, 7, 9
2015/3/3, 81, 34, 22, 36, 7, 5
2015/3/4, 57, 40, 15, 59, 7, 8
2015/3/5, 84, 47, 10, 72, 9, 10
2015/3/6, 92, 48, 16, 71, 8, 11
2015/3/7, 100, 60, 21, 71, 11, 11
2015/3/8, 130, 55, 22, 54, 9, 8
2015/3/9, 100, 24, 24, 32, 6, 5
2015/3/10, 41, 34, 22, 44, 8, 6
2015/3/11, 60, 28, 20, 45, 7, 5
2015/3/12, 50, 37, 26, 59, 8, 8
2015/3/13, 66, 36, 20, 55, 9, 7
2015/3/14, 68, 40, 20, 59, 11, 8
2015/3/15, 77, 64, 11, 75, 9, 10
2015/3/16, 108, 85, 5, 76, 11, 15
2015/3/17, 141, 69, 10, 58, 8, 12
2015/3/18, 120, 49, 14, 51, 7, 8
2015/3/19, 81, 62, 20, 54, 7, 10
2015/3/20, 91, 90, 34, 59, 13, 12
2015/3/21, 124, 91, 25, 48, 10, 10
2015/3/22, 116, 42, 23, 31, 6, 6
2015/3/23, 56, 38, 20, 42, 7, 7
2015/3/24, 62, 42, 15, 50, 7, 8
2015/3/25, 74, 43, 22, 50, 8, 8
2015/3/26, 75, 47, 26, 51, 9, 8
2015/3/27, 84, 46, 24, 58, 8, 8
2015/3/28, 81, 54, 27, 41, 7, 6
2015/3/29, 85, 87, 22, 53, 7, 9
2015/3/30, 114, 83, 23, 62, 8, 11
2015/3/31, 128, 35, 15, 44, 4, 8
2014/10/1, 54, 28, 14, 47, 3, 6
2014/10/2, 71, 37, 8, 50, 4, 8
2014/10/3, 60, 26, 26, 39, 4, 9
2014/10/4, 59, 28, 13, 45, 2, 8
2014/10/5, 51, 24, 21, 40, 3, 5
2014/10/6, 57, 41, 16, 55, 4, 7
2014/10/7, 76, 37, 18, 64, 4, 8
2014/10/8, 68, 44, 22, 68, 4, 8
2014/10/9, 79, 42, 13, 64, 4, 8
2014/10/10, 78, 34, 17, 56, 3, 7
2014/10/11, 66, 34, 18, 53, 4, 7
2014/10/12, 65, 29, 16, 46, 3, 5
2014/10/13, 53, 29, 16, 48, 4, 6
2014/10/14, 53, 37, 20, 59, 5, 7
2014/10/15, 68, 38, 17, 57, 4, 6
2014/10/16, 62, 36, 13, 59, 5, 7
2014/10/17, 60, 41, 12, 62, 5, 9
2014/10/18, 70, 51, 19, 61, 5, 9
2014/10/19, 92, 38, 9, 59, 4, 9
2014/10/20, 81, 23, 7, 53, , 8
2014/10/21, 56, 24, 13, 48, 4, 7
2014/10/22, 56, 31, 11, 54, 5, 8
2014/10/23, 62, 44, 12, 60, 5, 9
2014/10/24, 80, 49, 15, 62, 6, 10
2014/10/25, 87, 41, 23, 41, 5, 7
2014/10/26, 74, 37, 20, 46, 4, 6
2014/10/27, 56, 51, 13, 63, 5, 9
2014/10/28, 79, 51, 10, 74, 5, 10
2014/10/29, 92, 54, 8, 86, 6, 12
2014/10/30, 105, 46, 7, 77, 5, 10
2014/10/31, 91, 38, 13, 57, 5, 7
2014/11/1, 71, 43, 30, 31, 6, 6
2014/11/2, 81, 33, 19, 42, 6, 5
2014/11/3, 52, 33, 8, 59, 6, 8
2014/11/4, 61, 36, 11, 62, 6, 8
2014/11/5, 69, 51, 14, 67, 8, 9
2014/11/6, 92, 49, 6, 64, 7, 9
2014/11/7, 79, 55, 4, 68, 7, 11
2014/11/8, 94, 49, 20, 57, 7, 11
2014/11/9, 90, 51, 11, 72, 7, 11
2014/11/10, 90, 59, 6, 78, 7, 12
2014/11/11, 111, 39, 19, 35, 6, 5
2014/11/12, 67, 47, 17, 38, 5, 5
2014/11/13, 39, 31, 12, 58, 7, 7
2014/11/14, 59, 35, 10, 55, 7, 9
2014/11/15, 68, 44, 9, 58, 9, 9
2014/11/16, 82, 39, 14, 50, 6, 8
2014/11/17, 81, 42, 11, 59, 6, 9
2014/11/18, 80, 49, 8, 71, 7, 11
2014/11/19, 94, 57, 8, 74, 8, 12
2014/11/20, 110, 53, 7, 68, 7, 10
2014/11/21, 106, 46, 5, 68, 6, 10
2014/11/22, 81, 55, 10, 48, 5, 10
2014/11/23, 99, 61, 3, 57, 8, 11
2014/11/24, 114, 38, 10, 58, 7, 9
2014/11/25, 78, 33, 15, 58, 5, 8
2014/11/26, 66, 49, 4, 68, 7, 12
2014/11/27, 90, 34, 4, 55, 5, 9
2014/11/28, 73, 26, 7, 47, 5, 9
2014/11/29, 54, 23, 8, 43, 4, 8
2014/11/30, 54, 34, 17, 30, 5, 5
2014/12/1, 50, 49, 16, 32, 5, 4
2014/12/2, 44, 23, 10, 47, 7, 6
2014/12/3, 54, 37, 15, 42, 7, 6
2014/12/4, 52, 27, 15, 38, 8, 5
2014/12/5, 51, 29, 12, 45, 7, 7
2014/12/6, 55, 39, 6, 48, 8, 9
2014/12/7, 67, 40, 11, 52, 7, 9
2014/12/8, 75, 42, 9, 63, 8, 11
2014/12/9, 78, 53, 2, 77, 9, 15
2014/12/10, 111, 42, 11, 46, 8, 8
2014/12/11, 80, 39, 12, 53, 7, 9
2014/12/12, 82, 26, 14, 35, 7, 6
2014/12/13, 53, 33, 4, 49, 8, 10
2014/12/14, 68, 44, 2, 58, 7, 11
2014/12/15, 87, 28, 13, 35, 8, 6
2014/12/16, 59, 17, 17, 31, 6, 4
2014/12/17, 34, 29, 14, 55, 8, 9
2014/12/18, 59, 37, 3, 66, 7, 11
2014/12/19, 83, 29, 12, 43, 7, 8
2014/12/20, 60, 20, 12, 36, 6, 6
2014/12/21, 51, 28, 7, 56, 7, 10
2014/12/22, 65, 38, 3, 66, 7, 12
2014/12/23, 83, 50, 10, 67, 12, 13
2014/12/24, 103, 26, 14, 42, 7, 6
2014/12/25, 58, 35, 8, 62, 9, 11
2014/12/26, 75, 49, 5, 67, 8, 14
2014/12/27, 101, 52, 3, 67, 8, 14
2014/12/28, 107, , , , , 
2014/8/2, 48, 21, 11, 29, 5, 5
2014/8/3, 39, 16, 14, 22, , 5
2014/8/4, 42, 19, 12, 26, 5, 5
2014/8/5, 80, 42, 28, 24, 6, 5
2014/8/6, 86, 46, 27, 30, 6, 6
2014/8/7, 70, 39, 13, 35, 5, 8
2014/8/8, 59, 30, 13, 35, 4, 6
2014/8/9, 57, 26, 18, 37, 4, 6
2014/8/10, 40, 18, 20, 24, , 5
2014/8/11, 58, 29, 19, 29, 5, 6
2014/8/12, 94, 50, 31, 33, 6, 6
2014/8/13, 118, 57, 16, 35, 6, 8
2014/8/14, 70, 34, 12, 35, 4, 7
2014/8/15, 65, 34, 21, 30, 6, 6
2014/8/16, 74, 41, 24, 35, 5, 7
2014/8/17, 74, 41, 5, 24, 4, 7
2014/8/18, 47, 18, 9, 32, , 6
2014/8/19, 42, 19, 10, 28, 5, 7
2014/8/20, 60, 34, 13, 31, 4, 7
2014/8/21, 54, 24, 9, 30, 4, 7
2014/8/22, 99, 51, 33, 40, 8, 8
2014/8/23, 131, 63, 28, 38, 7, 7
2014/8/24, 98, 53, 30, 39, 6, 8
2014/8/25, 89, 48, 13, 44, 4, 8
2014/8/26, 49, 20, 19, 42, 5, 6
2014/8/27, 40, 18, 14, 35, 5, 6
2014/8/28, 48, 23, 22, 42, 5, 6
2014/8/29, 60, 29, 17, 45, 5, 7
2014/8/30, 57, 24, 18, 39, 5, 6
2014/8/31, 57, 28, 14, 41, 5, 7
2014/9/1, 65, 32, 24, 48, 5, 7
2014/9/2, 62, 28, 12, 41, 5, 7
2014/9/3, 42, 15, 16, 36, 4, 6
2014/9/4, 47, 20, 21, 32, 5, 5
2014/9/5, 65, 32, 21, 43, 5, 7
2014/9/6, 74, 38, 28, 43, 7, 7
2014/9/7, 83, 44, 34, 35, 5, 7
2014/9/8, 88, 46, 27, 33, 6, 7
2014/9/9, 83, 40, 28, 32, 6, 6
2014/9/10, 61, 30, 23, 40, 5, 6
2014/9/11, 74, 38, 21, 43, 5, 7
2014/9/12, 73, 38, 7, 49, 4, 8
2014/9/13, 61, 30, 18, 42, 5, 8
2014/9/14, 47, 20, 22, 37, 5, 6
2014/9/15, 70, 36, 28, 48, 4, 7
2014/9/16, 62, 35, 22, 42, 6, 6
2014/9/17, 74, 45, 10, 49, 7, 8
2014/9/18, 58, 28, 14, 42, 5, 7
2014/9/19, 62, 32, 19, 47, 5, 8
2014/9/20, 65, 35, 20, 54, 5, 8
2014/9/21, 70, 35, 14, 51, 6, 8
2014/9/22, 79, 39, 21, 51, 5, 8
2014/9/23, 69, 34, 9, 43, 5, 7
2014/9/24, 60, 25, 8, 62, 4, 8
2014/9/25, 55, 25, 22, 55, 7, 6
2014/9/26, 65, 33, 13, 58, 5, 7
2014/9/27, 69, 35, 20, 54, 5, 7
2014/9/28, 78, 43, 15, 51, 4, 8
2014/9/29, 82, 45, 7, 54, , 9
2014/9/30, 55, 27, 11, 45, 3, 7
2020/10/9, , 17, , , , 
2020/3/31, , 64, 36, 22, 5, 2
2019/12/31, , 34, 6, 27, , 4
2018/12/31, , 32, 16, 24, 5, 8
2018/1/1, , 43, 10, 32, 8, 7
2018/1/2, , 35, 10, 33, 6, 8
2018/1/3, , 31, 12, 26, 7, 6
2018/1/4, , 41, 12, 32, 7, 7
2018/1/5, , 52, 6, 40, 7, 9
2018/1/6, , 47, 8, 39, 7, 9
2018/1/7, , 46, 4, 40, 6, 10
2018/1/8, , 45, 7, 41, 7, 9
2018/1/9, , 34, 19, 23, 6, 5
2018/1/10, , 28, 15, 22, 6, 4
2018/1/11, , 28, 13, 21, 7, 5
2018/1/12, , 22, 14, 29, 6, 5
2018/1/13, , 44, 3, 40, 7, 9
2018/1/14, , 56, 7, 38, 6, 10
2018/1/15, , 50, 11, 45, 7, 9
2018/1/16, , 71, 5, 52, 8, 13
2018/1/17, , 71, 8, 45, 7, 10
2018/1/18, , 64, 12, 39, 7, 10
2018/1/19, , 53, 14, 36, 7, 8
2018/1/20, , 69, 12, 41, 7, 11
2018/1/21, , 54, 13, 35, 6, 8
2018/1/22, , 42, 8, 36, 6, 8
2018/1/23, , 22, 20, 19, 6, 4
2018/1/24, , 24, 18, 19, 7, 4
2018/1/25, , 21, 17, 21, 7, 4
2018/1/26, , 29, 16, 22, 8, 6
2018/1/27, , 41, 5, 36, 7, 8
2018/1/28, , 32, 18, 29, 7, 7
2018/1/29, , 39, 17, 25, 8, 5
2018/1/30, , 41, 7, 36, 7, 8
2018/1/31, , 38, 6, 37, 6, 8
2018/2/1, , 39, 14, 36, 7, 9
2018/2/2, , 47, 6, 39, 7, 9
2018/2/3, , 34, 16, 23, 6, 5
2018/2/4, , 31, 19, 20, 6, 4
2018/2/5, , 25, 16, 25, 6, 5
2018/2/6, , 28, 17, 23, 6, 5
2018/2/7, , 39, 9, 34, 6, 7
2018/2/8, , 46, 5, 42, 7, 10
2018/2/9, , 53, 2, 43, 7, 11
2018/2/10, , 42, 16, 23, 6, 4
2018/2/11, , 45, 20, 22, 6, 4
2018/2/12, , 43, 20, 25, 6, 5
2018/2/13, , 46, 15, 34, 7, 7
2018/2/14, , 55, 16, 40, 7, 7
2018/2/15, , 34, 20, 25, 6, 5
2018/2/16, , 42, 20, 32, 6, 6
2018/2/17, , 43, 21, 19, 6, 4
2018/2/18, , 35, 18, 28, 7, 6
2018/2/19, , 52, 12, 41, 7, 8
2018/2/20, , 52, 18, 36, 6, 10
2018/2/21, , 34, 21, 30, 7, 5
2018/2/22, , 42, 19, 38, 8, 7
2018/2/23, , 61, 17, 37, 6, 8
2018/2/24, , 60, 21, 32, 6, 7
2017/10/1, , 36, 16, 31, 5, 6
2017/10/2, , 22, 19, 19, 4, 4
2017/10/3, , 39, 19, 20, 4, 4
2017/10/4, , 24, 16, 25, , 5
2017/10/5, , 18, 13, 24, , 5
2017/10/6, , 15, 15, 26, , 5
2017/10/7, , 10, 26, 27, 5, 5
2017/10/8, , 19, 19, 34, 6, 6
2017/10/9, , 30, 8, 34, 4, 6
2017/10/10, , 32, 14, 21, , 4
2017/10/11, , 14, 13, 25, 5, 5
2017/10/12, , 24, 11, 28, 5, 6
2017/10/13, , 34, 17, 33, 5, 7
2017/10/14, , 30, 6, 29, 4, 6
2017/10/15, , 35, 9, 40, 4, 7
2017/10/16, , 42, 14, 40, 4, 7
2017/10/17, , 39, 9, 39, 4, 6
2017/10/18, , 32, 14, 33, 4, 6
2017/10/19, , 23, 16, 37, 5, 6
2017/10/20, , 31, 13, 38, 4, 8
2017/10/21, , 42, 17, 30, , 6
2017/10/22, , 37, 20, 32, 4, 5
2017/10/23, , 32, 13, 38, 5, 6
2017/10/24, , 40, 16, 39, 5, 7
2017/10/25, , 46, 9, 44, 5, 8
2017/10/26, , 50, 14, 48, 5, 9
2017/10/27, , 53, 17, 45, 4, 8
2017/10/28, , 46, 19, 29, 4, 8
2017/10/29, , 55, 15, 31, 5, 6
2017/10/30, , 37, 10, 38, 5, 7
2017/10/31, , 42, 15, 40, 5, 7
2017/11/1, , 46, 15, 41, 6, 6
2017/11/2, , 51, 17, 30, 5, 5
2017/11/3, , 38, 15, 28, 5, 6
2017/11/4, , 48, 11, 35, 5, 7
2017/11/5, , 46, 9, 38, 5, 7
2017/11/6, , 39, 7, 43, 5, 7
2017/11/7, , 45, 22, 32, 5, 5
2017/11/8, , 60, 9, 40, 5, 8
2017/11/9, , 54, 12, 34, 5, 7
2017/11/10, , 47, 15, 24, 5, 5
2017/11/11, , 61, 7, 31, 5, 7
2017/11/12, , 36, 4, 34, 5, 7
2017/11/13, , 41, 15, 27, 6, 6
2017/11/14, , 43, 14, 26, 5, 5
2017/11/15, , 28, 12, 30, 6, 6
2017/11/16, , 27, 2, 36, 6, 8
2017/11/17, , 40, 14, 20, 5, 5
2017/11/18, , 34, 15, 23, 6, 5
2017/11/19, , 24, 14, 32, 6, 8
2017/11/20, , 38, 4, 39, 7, 10
2017/11/21, , 51, , 42, 5, 10
2017/11/22, , 51, 8, 34, 5, 6
2017/11/23, , 26, 9, 29, 5, 6
2017/11/24, , 22, 1, 39, 6, 9
2017/11/25, , 26, 10, 32, 5, 8
2017/11/26, , 32, 4, 41, 6, 9
2017/11/27, , 43, 2, 53, 8, 13
2017/11/28, , 62, 10, 34, 6, 7
2017/11/29, , 55, 17, 25, 6, 5
2017/11/30, , 25, 10, 36, 7, 6
2017/12/1, , 28, 4, 39, 6, 9
2017/12/2, , 40, 3, 36, 5, 9
2017/12/3, , 44, 13, 27, 6, 7
2017/12/4, , 37, 15, 27, 6, 5
2017/12/5, , 16, 4, 34, 6, 7
2017/12/6, , 30, 10, 32, 6, 8
2017/12/7, , 39, 12, 27, 6, 6
2017/12/8, , 31, 4, 40, 6, 9
2017/12/9, , 42, 13, 30, 6, 8
2017/12/10, , 36, 14, 17, 5, 4
2017/12/11, , 41, 11, 23, 6, 6
2017/12/12, , 31, 9, 31, 7, 7
2017/12/13, , 36, 3, 40, 7, 10
2017/12/14, , 49, , 46, 7, 14
2017/12/15, , 62, 14, 22, 8, 7
2017/12/16, , 36, 16, 24, 6, 6
2017/12/17, , 33, 3, 34, 6, 9
2017/12/18, , 47, 9, 27, 6, 6
2017/12/19, , 39, 2, 35, 6, 8
2017/12/20, , 39, 3, 39, 7, 10
2017/12/21, , 43, 2, 41, 7, 11
2017/12/22, , 49, 5, 46, 8, 12
2017/12/23, , 72, 12, 35, 6, 11
2017/12/24, , 55, 15, 23, 7, 5
2017/12/25, , 26, 12, 28, 6, 7
2017/12/26, , 28, 12, 26, 7, 5
2017/12/27, , 25, 3, 37, 6, 8
2017/12/28, , 42, 7, 45, 8, 11
2017/12/29, , 67, 2, 42, 6, 12
2017/12/30, , 83, 16, 24, 6, 7
2017/12/31, , 51, , , , 
2017/9/23, , 68, 5, 29, 5, 10
2017/9/24, , 61, , , , 
2017/9/26, , 51, 13, 39, 5, 9
2017/9/27, , 44, 23, 25, 5, 6
2017/9/28, , 25, 17, 31, 6, 6
2017/9/29, , 25, 19, 42, 5, 7
2017/9/30, , 36, 10, 34, 5, 6
2017/4/1, , 30, 35, 35, 6, 5
2017/4/2, , 42, 31, 52, 6, 8
2017/4/3, , 69, 40, 56, 7, 8
2017/4/4, , 65, 13, 63, 6, 8
2017/4/5, , 56, 18, 35, 4, 5
2017/4/6, , 24, 24, 40, 5, 5
2017/4/7, , 33, 20, 46, 5, 7
2017/4/8, , 52, 25, 32, , 6
2017/4/9, , 43, 23, 43, 5, 5
2017/4/10, , 33, 33, 42, 5, 5
2017/4/11, , 49, 30, 33, 4, 4
2017/4/12, , 58, 34, 40, 6, 5
2017/4/13, , 61, 34, 44, 6, 6
2017/4/14, , 55, 35, 42, 7, 6
2017/4/15, , 60, 37, 45, 7, 7
2017/4/16, , 55, 19, 53, 5, 7
2017/4/17, , 50, 18, 40, 5, 6
2017/4/18, , 42, 25, 31, 5, 4
2017/4/19, , 63, 24, 46, 5, 5
2017/4/20, , 70, 27, 47, 5, 6
2017/4/21, , 55, 33, 40, 5, 6
2017/4/22, , 54, 42, 41, 6, 6
2017/4/23, , 50, 36, 46, 5, 6
2017/4/24, , 46, 35, 45, 6, 5
2017/4/25, , 53, 28, 36, 5, 5
2017/4/26, , 42, 29, 36, 5, 5
2017/4/27, , 46, 32, 40, 8, 7
2017/4/28, , 55, 37, 40, 7, 7
2017/4/29, , 54, 61, 40, 10, 7
2017/4/30, , 71, 55, 40, 6, 7
2017/5/1, , 67, 45, 56, 6, 7
2017/5/2, , 73, 75, 50, 5, 7
2017/5/3, , 62, 32, 54, 6, 6
2017/5/4, , 59, 31, 32, 5, 4
2017/5/5, , 48, 31, 27, 6, 4
2017/5/6, , 128, 35, 31, 6, 4
2017/5/7, , 72, 40, 47, 7, 6
2017/5/8, , 105, 17, 52, 7, 7
2017/5/9, , 100, 24, 32, 4, 6
2017/5/10, , 51, 36, 41, 6, 6
2017/5/11, , 59, 32, 43, 6, 7
2017/5/12, , 65, 35, 34, 5, 6
2017/5/13, , 51, 32, 23, 5, 4
2017/5/14, , 53, 23, 31, 6, 4
2017/5/15, , 49, 22, 39, 7, 5
2017/5/16, , 39, 30, 41, 5, 5
2017/5/17, , 38, 43, 46, 7, 5
2017/5/18, , 47, 37, 46, 7, 6
2017/5/19, , 54, 30, 49, 7, 8
2017/5/20, , 56, 32, 37, 6, 9
2017/5/21, , 50, 32, 41, 6, 6
2017/5/22, , 51, 17, 39, 6, 6
2017/5/23, , 43, 23, 34, 4, 5
2017/5/24, , 30, 31, 39, 5, 6
2017/5/25, , 32, 25, 34, 5, 4
2017/5/26, , 26, 36, 42, 6, 6
2017/5/27, , 37, 49, 43, 6, 5
2017/5/28, , 45, 53, 42, 9, 6
2017/5/29, , 61, 32, 44, 8, 5
2017/5/30, , 48, 28, 52, 7, 6
2017/5/31, , 44, 24, 36, 4, 5
2017/6/1, , 40, 26, 34, 5, 5
2017/6/2, , 31, , , , 
2017/1/2, , 83, 12, 62, 7, 10
2017/1/3, , 79, 7, 76, 7, 11
2017/1/4, , 55, 7, 67, 6, 10
2017/1/5, , 44, 12, 59, 6, 7
2017/1/6, , 25, 5, 74, 6, 11
2017/1/7, , 50, 13, 57, 6, 8
2017/1/8, , 38, 21, 35, 8, 7
2017/1/9, , 51, 17, 28, 8, 6
2017/1/10, , 36, 16, 31, 8, 6
2017/1/11, , 29, 15, 37, 8, 7
2017/1/12, , 36, 16, 28, 7, 5
2017/1/13, , 33, 16, 22, 6, 4
2017/1/14, , 44, 15, 27, 7, 6
2017/1/15, , 31, 7, 42, 8, 9
2017/1/16, , 50, 3, 54, 9, 13
2017/1/17, , 64, 3, 55, 9, 15
2017/1/18, , 79, 4, 49, 8, 13
2017/1/19, , 87, 13, 36, 7, 8
2017/1/20, , 56, 6, 40, 7, 9
2017/1/21, , 58, 20, 21, 8, 5
2017/1/22, , 64, 17, 34, 8, 7
2017/1/23, , 51, 10, 46, 7, 8
2017/1/24, , 47, 6, 53, 8, 11
2017/1/25, , 54, 5, 52, 9, 11
2017/1/26, , 59, 20, 25, 7, 5
2017/1/27, , 83, 12, 35, 6, 7
2017/1/28, , 35, 4, 37, 6, 8
2017/1/29, , 29, 20, 25, 7, 5
2017/1/30, , 44, 8, 41, 6, 7
2017/1/31, , 38, 16, 38, 7, 8
2017/2/1, , 40, 15, 42, 7, 7
2017/2/2, , 40, 13, 50, 9, 9
2017/2/3, , 61, 3, 55, 7, 13
2017/2/4, , 81, 17, 37, 7, 9
2017/2/5, , 61, 23, 33, 7, 5
2017/2/6, , 45, 9, 43, 8, 7
2017/2/7, , 45, 8, 43, 8, 9
2017/2/8, , 56, 17, 29, 8, 5
2017/2/9, , 49, 19, 27, 7, 4
2017/2/10, , 35, 18, 30, , 5
2017/2/11, , 32, 18, 33, 7, 6
2017/2/12, , 36, 6, 47, 8, 8
2017/2/13, , 49, 17, 44, 9, 8
2017/2/14, , 54, 8, 56, 11, 11
2017/2/15, , 61, 8, 56, 9, 13
2017/2/16, , 70, 19, 29, 6, 5
2017/2/17, , 44, 20, 32, 7, 5
2017/2/18, , 33, 14, 40, 7, 7
2017/2/19, , 46, 21, 32, 6, 5
2017/2/20, , 43, 17, 41, 7, 7
2017/2/21, , 46, 6, 42, 7, 8
2017/2/22, , 46, 21, 30, 7, 5
2017/2/23, , 40, 20, 37, 8, 5
2017/2/24, , 33, 17, 40, 8, 8
2017/2/25, , 46, 21, 35, 8, 7
2017/2/26, , 46, 13, 44, 7, 8
2017/2/27, , 46, 15, 49, 9, 8
2017/2/28, , 50, 19, 51, 9, 9
2017/3/1, , 61, 24, 32, 6, 5
2017/3/2, , 39, 17, 43, 8, 7
2017/3/3, , 47, 14, 44, 9, 9
2017/3/4, , 55, 26, 40, 7, 7
2017/3/5, , 63, 25, 29, 7, 5
2017/3/6, , 39, 24, 28, 7, 4
2017/3/7, , 35, 21, 33, 7, 5
2017/3/8, , 43, 23, 36, 8, 6
2017/3/9, , 48, 22, 44, 8, 7
2017/3/10, , 48, 23, 54, 10, 7
2017/3/11, , 56, 32, 48, 9, 8
2017/3/12, , 75, 28, 35, 7, 6
2017/3/13, , 57, 25, 36, 7, 5
2017/3/14, , 48, 20, 42, 8, 6
2017/3/15, , 46, 25, 48, 7, 7
2017/3/16, , 58, 21, 60, 6, 8
2017/3/17, , 66, 35, 55, 8, 8
2017/3/18, , 60, 34, 50, 6, 8
2017/3/19, , 63, 12, 59, 7, 8
2017/3/20, , 73, 22, 50, 8, 8
2017/3/21, , 83, 24, 44, 5, 6
2017/3/22, , 54, 28, 53, 7, 7
2017/3/23, , 62, 18, 51, 5, 7
2017/3/24, , 59, 21, 47, 6, 6
2017/3/25, , 56, 27, 39, 6, 5
2017/3/26, , 56, 26, 41, 5, 9
2017/3/27, , 63, 19, 44, 6, 8
2017/3/28, , 67, 27, 48, 5, 7
2017/3/29, , 57, 24, 52, 5, 7
2017/3/30, , 60, 10, 50, 5, 7
2017/3/31, , 47, 23, 38, 4, 6
2016/11/17, , 79, 3, 45, 7, 12
2016/11/18, , 61, 8, 44, 7, 9
2016/11/19, , 48, 17, 32, 6, 8
2016/11/20, , 61, 7, 39, 7, 9
2016/11/21, , 45, 15, 29, 6, 6
2016/11/22, , 41, 13, 28, 7, 6
2016/11/23, , 33, 13, 38, 7, 6
2016/11/24, , 48, 7, 47, 7, 9
2016/11/25, , 53, 2, 53, 6, 10
2016/11/26, , 61, 2, 44, 6, 10
2016/11/27, , 70, 11, 46, 7, 9
2016/11/28, , 48, 7, 49, 7, 10
2016/11/29, , 50, 2, 45, 8, 9
2016/11/30, , 46, 16, 31, 7, 6
2016/12/1, , 44, 8, 49, 7, 8
2016/12/2, , 56, 5, 57, 6, 9
2016/12/3, , 68, 3, 53, 7, 11
2016/12/4, , 73, 12, 43, 7, 9
2016/12/5, , 28, 12, 33, 6, 5
2016/12/6, , 49, 3, 55, 8, 9
2016/12/7, , 65, 2, 66, 6, 11
2016/12/8, , 39, 11, 43, 5, 7
2016/12/9, , 37, 11, 54, 6, 7
2016/12/10, , 44, 12, 53, 6, 8
2016/12/11, , 55, 2, 62, 7, 11
2016/12/12, , 61, 7, 50, 8, 10
2016/12/13, , 52, 7, 52, 7, 7
2016/12/14, , 40, 13, 49, 6, 6
2016/12/15, , 39, 25, 50, 7, 7
2016/12/16, , 57, 4, 75, 7, 10
2016/12/17, , 59, 3, 74, 6, 11
2016/12/18, , 47, 5, 59, 6, 9
2016/12/19, , 53, 5, 61, 6, 10
2016/12/20, , 50, 4, 62, 5, 9
2016/12/21, , 21, 9, 34, 5, 7
2016/12/22, , 52, 13, 47, 5, 6
2016/12/23, , 60, 10, 65, 6, 8
2016/12/24, , 60, 6, 71, 5, 10
2016/12/25, , 49, 8, 77, 6, 10
2016/12/26, , 45, 13, 43, 6, 6
2016/12/27, , 45, 10, 58, 6, 8
2016/12/28, , 39, 8, 68, 6, 6
2016/12/29, , 46, 8, 72, 6, 9
2016/12/30, , 53, 3, 92, 7, 12
2016/12/31, , 65, 4, 82, 6, 11
2016/7/24, , 41, 5, 38, 6, 5
2016/7/25, , 35, 13, 30, 6, 5
2016/7/26, , 34, 92, 28, 6, 5
2016/1/3, , 25, 9, 42, 6, 7
2015/8/9, , 28, 25, 54, , 4
2015/8/15, , 52, 28, 47, 6, 7
2015/8/16, , 23, 26, 54, , 5
2015/4/19, , 23, 15, 54, 4, 9
2015/4/26, , 41, 25, 62, 7, 7
2014/12/31, , 38, 13, 29, 6, 4
2014/7/1, , 45, 36, 41, 6, 8
2014/7/2, , 57, 14, 33, 5, 7
2014/7/3, , 26, 24, 35, 5, 6
2014/7/4, , 24, 29, 40, 6, 6
2014/7/5, , 35, 29, 29, 4, 6
2014/7/6, , 32, 29, 29, 4, 6
2014/7/7, , 34, 43, 37, 4, 6
2014/7/8, , 39, 26, 39, 5, 7
2014/7/9, , 33, 38, 30, 4, 6
2014/7/10, , 35, 26, 30, 5, 6
2014/7/11, , 48, 36, 33, 7, 7
2014/7/12, , 59, 36, 28, 8, 7
2014/7/13, , 51, 32, 23, 5, 6
2014/7/14, , 61, 34, 29, 7, 7
2014/7/15, , 66, 33, 39, 5, 8
2014/7/16, , 48, 20, 42, 6, 7
2014/7/17, , 26, 19, 24, 5, 4
2014/7/18, , 20, 25, 28, 6, 5
2014/7/19, , 44, 24, 29, 6, 6
2014/7/20, , 52, 35, 27, 5, 6
2014/7/21, , 53, 30, 26, 6, 5
2014/7/22, , 23, 26, 15, 6, 3
2014/7/23, , 25, 14, 23, 6, 5
2014/7/24, , 22, 16, 32, 4, 6
2014/7/25, , 25, 5, 15, , 7
2014/7/26, , 31, 8, 11, , 5
2014/7/27, , 62, 9, 19, , 9
2014/7/28, , 54, 27, 38, 5, 9
2014/7/29, , 38, 30, 36, 5, 7
2014/7/30, , 33, 22, 32, 6, 6
2014/7/31, , 36, 11, 33, 6, 7
2014/8/1, , 25, 12, 42, 4, 7
2014/4/1, , 60, 29, 52, 7, 7
2014/4/2, , 56, 15, 52, 6, 7
2014/4/3, , 55, 21, 32, 5, 5
2014/4/4, , 27, 20, 40, 5, 7
2014/4/5, , 43, 24, 27, 6, 5
2014/4/6, , 36, 25, 41, 9, 7
2014/4/7, , 58, 22, 53, 7, 7
2014/4/8, , 49, 20, 52, 5, 7
2014/4/9, , 63, 19, 49, 5, 7
2014/4/10, , 60, 28, 54, 6, 9
2014/4/11, , 66, 13, 52, 6, 9
2014/4/12, , 67, 36, 39, 6, 8
2014/4/13, , 69, 30, 51, 6, 9
2014/4/14, , 65, 20, 48, 8, 8
2014/4/15, , 64, 14, 52, 10, 11
2014/4/16, , 101, 24, 54, 6, 10
2014/4/17, , 80, 21, 41, 5, 7
2014/4/18, , 59, 16, 46, 4, 8
2014/4/19, , 47, 33, 27, 6, 6
2014/4/20, , 41, 24, 40, 6, 7
2014/4/21, , 55, 27, 47, 6, 8
2014/4/22, , 52, 34, 54, 11, 8
2014/4/23, , 63, 31, 57, 9, 11
2014/4/24, , 85, 29, 68, 7, 9
2014/4/25, , 64, 28, 57, 7, 8
2014/4/26, , 53, 22, 35, 5, 6
2014/4/27, , 31, 13, 43, , 6
2014/4/28, , 21, 20, 45, 4, 7
2014/4/29, , 26, 19, 39, 5, 6
2014/4/30, , 28, 28, 39, 7, 7
2014/5/1, , 48, 35, 40, 7, 8
2014/5/2, , 64, 20, 25, 5, 5
2014/5/3, , 31, 26, 32, 6, 6
2014/5/4, , 40, 22, 21, 5, 4
2014/5/5, , 37, 21, 30, 7, 5
2014/5/6, , 41, 28, 41, 7, 6
2014/5/7, , 45, 22, 31, 5, 5
2014/5/8, , 34, 25, 48, 5, 8
2014/5/9, , 45, 24, 50, 5, 7
2014/5/10, , 35, 21, 46, 4, 7
2014/5/11, , 35, 30, 26, 9, 6
2014/5/12, , 36, 37, 37, 11, 8
2014/5/13, , 71, 37, 41, 12, 7
2014/5/14, , 48, 28, 29, 5, 5
2014/5/15, , 45, 22, 43, 8, 8
2014/5/16, , 49, 28, 47, 7, 7
2014/5/17, , 44, 35, 43, 6, 7
2014/5/18, , 49, 26, 52, 8, 7
2014/5/19, , 54, 26, 50, 6, 7
2014/5/20, , 61, 23, 38, 5, 5
2014/5/21, , 51, 28, 45, 7, 7
2014/5/22, , 46, 29, 50, 7, 7
2014/5/23, , 56, 21, 42, 7, 7
2014/5/24, , 58, 26, 30, 6, 6
2014/5/25, , 52, 26, 27, 7, 5
2014/5/26, , 62, 40, 40, 9, 7
2014/5/27, , 89, 49, 57, 7, 9
2014/5/28, , 105, 43, 45, 8, 8
2014/5/29, , 87, 37, 56, 8, 8
2014/5/30, , 60, 65, 56, 9, 9
2014/5/31, , 78, 38, 47, 7, 8
2014/6/1, , 73, 13, 59, 5, 9
2014/6/2, , 67, 22, 39, 4, 7
2014/6/3, , 37, 21, 40, 3, 6
2014/6/4, , 31, 22, 41, 3, 6
2014/6/5, , 28, 31, 34, 3, 6
2014/6/6, , 33, 35, 38, 5, 6
2014/6/7, , 41, 27, 25, 5, 5
2014/6/8, , 37, 26, 35, 5, 6
2014/6/9, , 41, 25, 42, 4, 7
2014/6/10, , 38, 18, 34, 3, 6
2014/6/11, , 31, 22, 33, 3, 6
2014/6/12, , 32, 26, 32, 5, 6
2014/6/13, , 52, 32, 34, 6, 6
2014/6/14, , 43, 40, 27, 5, 5
2014/6/15, , 44, 26, 35, 5, 6
2014/6/16, , 37, 49, 49, 9, 7
2014/6/17, , 54, 56, 66, 10, 10
2014/6/18, , 51, 38, 55, 9, 13
2014/6/19, , 53, 29, 57, 7, 13
2014/6/20, , 52, 27, 51, 8, 12
2014/6/21, , 30, 28, 44, 9, 12
2014/6/22, , 28, 17, 50, 6, 10
2014/6/23, , 34, 29, 42, 8, 9
2014/6/24, , 41, 44, 45, 9, 7
2014/6/25, , 52, 49, 48, 15, 6
2014/6/26, , 52, 28, 36, 5, 5
2014/6/27, , 40, 35, 27, 4, 4
2014/6/28, , 38, 35, 25, 4, 5
2014/6/29, , 36, 35, 35, 4, 6
2014/6/30, , 39, 48, 40, 4, 6
2014/1/24, , 61, 7, 47, 8, 15
2014/1/25, , 56, 16, 28, 6, 7
2014/1/26, , 34, 4, 45, 9, 11
2014/1/27, , 43, 12, 41, 7, 11
2014/1/28, , 39, 5, 48, 8, 12
2014/1/29, , 47, 12, 40, 7, 11
2014/1/30, , 45, 14, 31, 6, 8
2014/1/31, , 27, 3, 37, 6, 10
2014/2/1, , 34, 8, 31, 5, 10
2014/2/2, , 24, 14, 25, 6, 6
2014/2/3, , 45, 17, 22, 7, 5
2014/2/4, , 30, 12, 34, 10, 8
2014/2/5, , 47, 8, 42, 10, 10
2014/2/6, , 56, 9, 41, 6, 9
2014/2/7, , 35, 13, 36, 5, 7
2014/2/8, , 18, 16, 31, 5, 6
2014/2/9, , 24, 15, 44, 8, 9
2014/2/10, , 35, 14, 45, 8, 8
2014/2/11, , 30, 10, 48, 8, 10
2014/2/12, , 35, 13, 48, 8, 8
2014/2/13, , 39, 15, 48, 8, 8
2014/2/14, , 30, 18, 43, 9, 9
2014/2/15, , 43, 12, 43, 12, 11
2014/2/16, , 59, 16, 41, 14, 11
2014/2/17, , 67, 16, 34, 8, 7
2014/2/18, , 31, 11, 37, 8, 9
2014/2/19, , 37, 19, 36, 13, 11
2014/2/20, , 59, 13, 41, 11, 12
2014/2/21, , 64, 16, 44, 13, 13
2014/2/22, , 71, 17, 40, 14, 13
2014/2/23, , 76, 13, 47, 19, 15
2014/2/24, , 103, 9, 59, 15, 16
2014/2/25, , 111, 19, 66, 12, 14
2014/2/26, , 97, 20, 58, 12, 13
2014/2/27, , 88, 22, 54, 11, 12
2014/2/28, , 81, 11, 55, 11, 12
2014/3/1, , 78, 19, 33, 6, 7
2014/3/2, , 34, 16, 51, 13, 9
2014/3/3, , 54, 22, 57, 15, 10
2014/3/4, , 70, 21, 33, 7, 6
2014/3/5, , 41, 17, 38, 8, 7
2014/3/6, , 39, 18, 34, 8, 6
2014/3/7, , 32, 15, 44, 9, 8
2014/3/8, , 43, 19, 32, 8, 6
2014/3/9, , 39, 18, 41, 8, 7
2014/3/10, , 39, 12, 54, 11, 9
2014/3/11, , 52, 3, 60, 9, 11
2014/3/12, , 52, 17, 46, 7, 8
2014/3/13, , 51, 19, 50, 8, 8
2014/3/14, , 56, 30, 44, 11, 8
2014/3/15, , 74, 29, 43, 11, 8
2014/3/16, , 74, 20, 49, 8, 9
2014/3/17, , 62, 24, 33, 7, 6
2014/3/18, , 87, 13, 47, 7, 9
2014/3/19, , 78, 15, 43, 6, 8
2014/3/20, , 49, 16, 39, 6, 7
2014/3/21, , 36, 17, 48, 10, 8
2014/3/22, , 54, 37, 41, 11, 9
2014/3/23, , 67, 25, 47, 8, 8
2014/3/24, , 53, 21, 41, 8, 6
2014/3/25, , 52, 22, 48, 8, 7
2014/3/26, , 59, 19, 63, 10, 11
2014/3/27, , 74, 27, 45, 9, 9
2014/3/28, , 83, 15, 55, 7, 9
2014/3/29, , 52, 25, 36, 5, 7
2014/3/30, , 41, 18, 50, 6, 9
2014/3/31, , 54, 17, 56, 7, 9
2018/7/6, , , 15, 23, , 4
2018/6/9, , , 24, 16, 4, 4
2017/9/22, , , 33, 35, 7, 8
2017/9/25, , , 18, 56, , 10
2017/1/1, , , 15, 71, 7, 11
2014/1/23, , , 2, 56, 10, 13